Rank,Puzzles,AMT (s),Solved rate,1-sigma Mean (s),1-sigma STD (s)
1,1 1 4 6,4.36,99.2%,4.63,1.45
2,1 1 3 8,4.4,99.2%,4.67,1.47
3,1 1 11 11,4.41,99.5%,4.67,1.42
4,1 1 1 8,4.45,98.8%,4.66,1.25
5,6 6 6 6,4.57,99.5%,4.8,1.47
6,1 1 2 12,4.59,99.2%,4.93,1.53
7,1 2 2 6,4.77,99.3%,5.12,1.58
8,1 1 10 12,4.79,99%,5.04,1.53
9,1 1 1 12,4.81,99.3%,5.13,1.59
10,2 2 10 10,4.82,98.2%,5.12,1.6
11,1 1 2 8,4.96,97.8%,5.31,1.73
12,2 2 2 12,4.99,99.2%,5.35,1.7
13,1 1 12 12,5,99.3%,5.37,1.63
14,1 1 3 12,5.02,97.5%,5.37,1.83
15,1 1 5 8,5.02,96.5%,5.39,1.83
16,1 1 4 8,5.03,98.2%,5.4,1.83
17,4 6 11 11,5.03,98.9%,5.42,1.74
18,1 1 4 12,5.04,97.4%,5.47,1.82
19,1 1 2 6,5.05,98.6%,5.39,1.61
20,3 3 3 8,5.06,98.2%,5.45,1.81
21,1 1 2 11,5.07,99%,5.41,1.69
22,1 1 13 13,5.13,99.4%,5.46,1.65
23,1 2 3 4,5.14,99.2%,5.5,1.83
24,11 11 12 12,5.14,98.8%,5.54,1.88
25,3 7 7 8,5.16,96.7%,5.53,1.92
26,1 1 5 6,5.17,97%,5.63,2.04
27,1 1 2 13,5.18,98.8%,5.51,1.79
28,1 1 3 9,5.18,97%,5.52,1.84
29,1 2 4 12,5.18,97.7%,5.61,2
30,7 7 12 12,5.19,98.6%,5.58,1.83
31,4 6 7 7,5.2,98.7%,5.55,1.83
32,1 1 3 6,5.21,97.9%,5.56,1.79
33,1 1 11 13,5.22,99.1%,5.64,1.81
34,1 1 11 12,5.25,99.4%,5.64,1.76
35,4 5 12 12,5.25,97.1%,5.61,1.79
36,4 6 13 13,5.26,98.8%,5.67,1.8
37,1 6 6 12,5.27,98.8%,5.59,1.7
38,4 4 4 6,5.27,98.2%,5.66,1.95
39,1 1 1 11,5.28,97.5%,5.6,1.68
40,1 8 8 8,5.29,97.9%,5.63,1.9
41,12 12 12 12,5.29,99.3%,5.73,2.07
42,2 2 3 8,5.3,98.2%,5.68,1.89
43,2 7 7 12,5.31,98.8%,5.69,1.91
44,11 11 11 12,5.32,95%,5.61,1.98
45,2 11 11 12,5.33,97.3%,5.73,2.01
46,10 10 12 12,5.33,98.6%,5.79,1.93
47,1 5 7 12,5.35,98.4%,5.89,2.09
48,1 1 5 5,5.36,99.1%,5.74,1.82
49,2 9 9 12,5.36,97.4%,5.78,2.02
50,3 8 13 13,5.37,95.1%,5.76,2.1
51,8 8 12 12,5.37,98.6%,5.81,1.95
52,9 9 12 12,5.37,98.4%,5.87,2.12
53,3 8 11 11,5.39,96.3%,5.74,2.05
54,12 12 13 13,5.39,98.8%,5.81,1.93
55,1 1 4 5,5.4,97.9%,5.78,1.99
56,1 6 8 12,5.4,97%,5.79,2.01
57,3 3 12 12,5.4,98.8%,5.88,2.04
58,5 6 12 12,5.41,97.2%,5.79,1.81
59,3 8 10 10,5.42,95.6%,5.86,2.21
60,3 8 9 9,5.43,96.9%,5.78,1.95
61,5 5 12 12,5.43,98.8%,5.8,1.73
62,11 12 12 12,5.44,97.9%,5.77,1.88
63,1 1 12 13,5.45,98.8%,5.84,1.85
64,1 9 9 12,5.47,95.8%,5.77,1.8
65,2 3 3 12,5.47,98.6%,5.95,2.06
66,2 5 5 12,5.47,98.8%,5.87,1.95
67,3 4 4 8,5.47,98.4%,5.9,1.96
68,1 1 3 7,5.48,97.1%,5.81,1.93
69,1 3 5 12,5.48,96.6%,5.87,2.14
70,1 4 10 10,5.49,97.9%,5.89,2.06
71,7 7 11 12,5.49,93.7%,5.83,2.13
72,2 12 13 13,5.5,97.2%,5.87,2.03
73,4 4 12 12,5.5,98.7%,5.94,2.04
74,5 5 11 12,5.52,96.5%,5.88,1.9
75,1 1 1 13,5.54,97.4%,5.88,1.77
76,1 2 5 8,5.54,95.9%,5.98,2.25
77,1 8 9 12,5.55,96.4%,5.88,1.97
78,1 3 4 12,5.56,98.6%,5.99,1.96
79,6 7 12 12,5.56,95.8%,5.94,2.02
80,11 11 11 13,5.56,98.4%,6.11,2.26
81,1 1 4 7,5.57,97.2%,5.92,2.06
82,2 2 4 6,5.57,99%,5.92,1.88
83,2 3 12 12,5.57,97.4%,5.95,1.96
84,3 5 5 8,5.57,97.1%,5.96,2.06
85,1 3 10 10,5.58,97.5%,5.91,2
86,1 4 7 12,5.59,98.4%,6.01,2.04
87,1 6 7 12,5.59,98.6%,6.02,2
88,2 3 3 8,5.6,97%,5.99,1.96
89,4 6 6 6,5.6,98.5%,5.98,2.03
90,1 3 3 4,5.61,97.6%,5.86,1.77
91,1 8 8 12,5.63,96.3%,5.94,1.91
92,8 8 11 13,5.63,97.1%,6.16,2.3
93,9 9 11 12,5.63,94%,5.98,2.14
94,3 7 8 8,5.64,96.3%,6.04,2.06
95,2 7 7 8,5.65,96.9%,5.99,2.02
96,4 5 5 6,5.65,97.5%,6.08,2.12
97,4 5 11 12,5.65,97.5%,6.07,2.08
98,5 5 7 7,5.66,97.9%,6.01,1.93
99,3 3 11 12,5.68,94.7%,6.12,2.22
100,1 6 9 12,5.69,95.7%,6.06,2.1
101,3 3 4 6,5.69,97.8%,6.13,2.08
102,1 1 2 10,5.7,95.7%,6.01,1.84
103,2 2 2 3,5.7,99%,5.97,1.7
104,1 2 5 12,5.71,95.5%,6.15,2.2
105,1 7 9 12,5.71,96.2%,6.11,2.22
106,4 4 11 13,5.71,98.1%,6.31,2.37
107,1 1 10 13,5.72,98%,6.14,2.19
108,7 8 12 12,5.72,96%,6.15,2.16
109,1 2 2 10,5.73,96.5%,6.11,2.16
110,1 2 2 12,5.74,97.8%,6.12,2
111,3 6 11 11,5.74,94.6%,6.03,2.09
112,3 7 7 7,5.75,97.7%,6.09,2.04
113,6 6 12 12,5.75,98.4%,6.29,2.31
114,1 5 6 12,5.76,98.6%,6.14,2.04
115,1 6 6 11,5.76,98.3%,6.23,2.24
116,1 7 7 10,5.76,98.1%,6.19,2.13
117,2 2 12 12,5.76,98.6%,6.26,2.23
118,4 8 11 11,5.76,95.3%,6.08,2
119,3 8 8 8,5.77,97.6%,6.13,2.15
120,2 2 3 12,5.78,98.2%,6.2,2.05
121,4 4 11 12,5.78,92%,6.12,2.39
122,8 9 12 12,5.79,96.3%,6.27,2.22
123,2 8 9 9,5.8,96.4%,6.22,2.13
124,12 12 12 13,5.8,97.5%,6.13,2
125,3 4 4 6,5.81,97.5%,6.15,1.95
126,4 6 9 9,5.81,96.5%,6.23,2.28
127,6 6 11 13,5.81,97.9%,6.31,2.2
128,9 9 11 13,5.83,96.9%,6.4,2.41
129,1 4 4 12,5.84,95.8%,6.32,2.32
130,3 8 12 13,5.85,96.1%,6.22,2.19
131,11 13 13 13,5.85,97.9%,6.42,2.42
132,4 6 6 7,5.86,96.5%,6.24,2.1
133,2 10 10 12,5.87,97.2%,6.28,2.3
134,7 7 11 13,5.87,97.7%,6.41,2.37
135,1 5 8 8,5.88,95%,6.43,2.66
136,5 6 11 12,5.89,97.2%,6.37,2.23
137,3 6 13 13,5.91,94.5%,6.18,1.99
138,1 3 6 12,5.92,96.8%,6.33,2.22
139,1 4 8 12,5.92,97.6%,6.31,2.2
140,1 8 10 12,5.92,95.8%,6.24,2.19
141,2 4 4 12,5.92,98.5%,6.3,2.16
142,4 5 12 13,5.92,97.7%,6.43,2.15
143,1 4 6 12,5.93,96.8%,6.4,2.54
144,2 4 11 11,5.93,96.3%,6.35,2.33
145,3 4 11 13,5.93,96.6%,6.41,2.38
146,3 8 10 11,5.93,94.6%,6.31,2.35
147,4 6 8 8,5.93,96.9%,6.38,2.27
148,4 6 10 11,5.93,94.5%,6.33,2.41
149,1 4 5 12,5.95,95.8%,6.39,2.37
150,1 11 11 12,5.95,93.6%,6.19,2.22
151,1 12 13 13,5.95,94.5%,6.28,2.18
152,3 6 6 8,5.96,97.1%,6.38,2.26
153,3 6 7 7,5.96,93.5%,6.35,2.43
154,4 8 10 10,5.96,97.3%,6.37,2.15
155,6 6 10 13,5.96,93.8%,6.49,2.71
156,9 10 12 12,5.96,95.9%,6.28,2.05
157,1 2 11 11,5.97,97.4%,6.47,2.42
158,1 2 6 6,5.98,97.6%,6.43,2.22
159,1 3 3 12,5.98,95.5%,6.38,2.34
160,10 10 11 13,5.99,97.4%,6.54,2.35
161,1 2 4 4,6,97.1%,6.35,2.11
162,1 3 6 8,6,95.8%,6.44,2.55
163,1 5 7 11,6,98.6%,6.5,2.17
164,1 1 3 13,6.01,95.3%,6.37,2.12
165,1 6 7 10,6.01,98.5%,6.57,2.26
166,2 8 10 10,6.01,95.5%,6.35,2.1
167,3 7 10 10,6.01,97.3%,6.41,2.22
168,4 6 10 10,6.01,96.7%,6.39,2.38
169,1 7 8 10,6.02,97.7%,6.46,2.3
170,2 8 8 12,6.02,97.4%,6.54,2.48
171,1 7 8 9,6.03,97.3%,6.47,2.29
172,5 5 5 5,6.03,95.2%,6.49,2.24
173,1 10 10 12,6.04,92.6%,6.27,2.13
174,2 2 11 13,6.04,98.1%,6.61,2.43
175,4 5 5 5,6.04,97.6%,6.61,2.43
176,4 8 13 13,6.04,94.6%,6.3,1.95
177,1 2 6 12,6.05,96.9%,6.43,2.26
178,1 5 8 12,6.05,98.3%,6.5,2.2
179,3 4 12 12,6.05,94.8%,6.53,2.46
180,10 11 12 12,6.05,96.1%,6.36,2.09
181,1 2 10 12,6.06,97.4%,6.56,2.39
182,1 6 12 12,6.06,94.5%,6.44,2.43
183,1 1 4 4,6.09,94.6%,6.39,2.44
184,4 7 7 8,6.09,93.9%,6.58,2.54
185,3 8 12 12,6.1,96.7%,6.54,2.47
186,5 6 12 13,6.1,97.5%,6.52,2.18
187,1 1 6 6,6.11,97.4%,6.55,2.22
188,2 2 11 12,6.12,92.5%,6.52,2.55
189,3 3 4 8,6.12,96.4%,6.46,2.14
190,3 9 9 9,6.12,97.6%,6.56,2.19
191,1 6 8 9,6.13,98.3%,6.57,2.35
192,2 11 12 12,6.13,95.6%,6.55,2.27
193,1 1 3 4,6.14,98.1%,6.48,2.05
194,1 3 9 12,6.14,96.4%,6.57,2.4
195,1 2 6 8,6.15,96.2%,6.49,2.36
196,1 7 7 12,6.15,89.1%,6.29,2.35
197,1 7 8 8,6.16,96.6%,6.67,2.66
198,5 5 12 13,6.16,95.6%,6.64,2.15
199,1 2 3 10,6.17,98.3%,6.49,1.98
200,3 3 3 12,6.17,97%,6.66,2.46
201,1 1 9 13,6.18,97.3%,6.63,2.52
202,1 2 4 8,6.18,96.6%,6.59,2.38
203,2 8 13 13,6.18,90.2%,6.5,2.62
204,3 8 11 12,6.18,94.2%,6.69,2.72
205,1 5 5 12,6.2,90.1%,6.41,2.38
206,1 5 7 13,6.2,97.9%,6.6,2.12
207,2 11 11 11,6.2,89.6%,6.27,2.48
208,3 3 11 13,6.2,97.1%,6.73,2.55
209,8 8 11 12,6.2,91%,6.59,2.7
210,10 13 13 13,6.21,93.5%,6.71,2.88
211,2 13 13 13,6.22,91%,6.43,2.4
212,5 5 5 6,6.22,96.4%,6.68,2.32
213,5 5 11 13,6.22,96.3%,6.87,2.62
214,1 2 3 8,6.23,97%,6.68,2.42
215,10 10 11 12,6.23,93.5%,6.61,2.36
216,2 2 4 5,6.24,98.3%,6.61,2.08
217,1 2 13 13,6.25,97.3%,6.95,2.68
218,1 4 7 8,6.25,96.6%,6.78,2.73
219,7 7 12 13,6.25,93.9%,6.69,2.38
220,1 8 10 13,6.26,94.9%,6.6,2.39
221,3 3 3 6,6.26,97.7%,6.8,2.6
222,11 12 13 13,6.26,95.3%,6.75,2.49
223,1 1 5 7,6.27,96.6%,6.61,2.12
224,2 3 11 12,6.27,95%,6.84,2.83
225,2 2 2 8,6.28,96.4%,6.85,2.71
226,3 11 11 12,6.28,91.4%,6.52,2.23
227,1 3 11 11,6.29,97.3%,6.7,2.43
228,1 4 6 8,6.29,94.9%,6.67,2.56
229,1 5 10 10,6.29,97.4%,6.68,2.3
230,1 4 8 8,6.3,96.7%,6.8,2.51
231,4 4 5 6,6.3,95.9%,6.61,2.25
232,1 10 12 12,6.31,95.9%,6.89,2.91
233,9 9 12 13,6.33,94%,6.69,2.24
234,1 2 3 12,6.34,96.2%,6.86,2.54
235,1 2 10 11,6.34,97.6%,6.7,2.39
236,6 7 11 12,6.35,97%,6.89,2.61
237,1 2 2 8,6.36,93.5%,6.8,2.7
238,4 4 10 13,6.36,93.6%,6.83,2.82
239,4 8 9 9,6.36,90.7%,6.58,2.38
240,2 7 8 12,6.37,95.2%,6.84,2.61
241,7 9 11 11,6.37,95.7%,6.85,2.67
242,1 2 12 12,6.38,96.2%,6.72,2.21
243,2 12 12 12,6.39,98.4%,6.77,2.45
244,3 6 7 8,6.39,97.9%,6.81,2.3
245,4 7 12 12,6.39,88.5%,6.74,3.02
246,4 6 12 13,6.4,93.8%,6.89,2.92
247,6 6 11 12,6.4,89.3%,6.74,2.97
248,1 4 4 5,6.41,96.7%,6.97,2.75
249,1 5 8 9,6.42,94.3%,6.92,2.73
250,1 2 8 8,6.43,96.2%,7,2.72
251,1 8 8 9,6.43,96.5%,6.95,2.68
252,2 12 12 13,6.43,95.7%,6.84,2.43
253,1 3 8 9,6.44,92.3%,7.03,3.36
254,1 4 12 12,6.44,91.3%,6.7,2.57
255,2 5 6 12,6.44,95.4%,6.85,2.55
256,1 5 7 8,6.45,94.9%,6.84,2.48
257,2 6 6 12,6.46,97.7%,7.03,2.6
258,3 6 10 11,6.46,96%,7.12,2.89
259,1 1 3 11,6.47,94.7%,6.72,2.01
260,1 6 6 13,6.47,97.4%,6.87,2.47
261,3 12 13 13,6.47,91.3%,6.67,2.33
262,10 10 10 13,6.47,93.1%,6.91,3.01
263,2 8 11 11,6.48,88.9%,6.66,2.84
264,1 6 9 9,6.49,97.5%,6.94,2.51
265,12 13 13 13,6.49,94.7%,6.85,2.43
266,1 3 6 6,6.5,97.3%,7,2.62
267,4 5 6 6,6.5,95.4%,6.85,2.37
268,4 5 9 9,6.5,88.2%,6.75,2.79
269,1 2 4 6,6.51,96%,6.92,2.55
270,1 9 12 12,6.51,92.9%,6.92,2.78
271,6 10 10 10,6.51,95.9%,6.78,2.28
272,10 11 11 13,6.51,94.8%,6.93,2.64
273,3 7 9 9,6.52,90.9%,6.95,2.85
274,8 8 8 10,6.53,90.3%,6.84,2.94
275,2 8 10 11,6.55,95%,7.07,2.71
276,4 6 7 8,6.55,95.7%,7.01,2.51
277,1 3 3 7,6.56,96%,7.38,3.34
278,3 9 9 12,6.56,95.2%,7,2.63
279,2 4 5 12,6.57,94.7%,7.01,2.84
280,2 11 13 13,6.57,94.2%,6.99,2.59
281,1 3 3 5,6.58,95.2%,6.9,2.52
282,1 6 7 11,6.58,97.4%,7.17,2.88
283,1 7 8 12,6.58,95.6%,7.03,2.68
284,2 8 8 13,6.58,93%,7.02,2.65
285,3 5 11 11,6.58,94.7%,7.13,2.99
286,1 3 5 8,6.59,95.3%,7.28,2.98
287,1 4 6 13,6.59,97.7%,7,2.35
288,2 3 11 13,6.59,91.8%,7.06,2.91
289,3 4 5 8,6.59,96.3%,7.08,2.69
290,3 10 10 12,6.6,94.5%,6.97,2.36
291,4 5 13 13,6.6,87.5%,6.79,2.88
292,4 6 11 12,6.6,93%,7.03,2.97
293,1 5 10 12,6.61,92.1%,7.04,3.05
294,2 2 2 11,6.61,92.3%,6.96,2.79
295,2 10 11 12,6.62,95.8%,6.95,2.42
296,3 7 7 12,6.63,90.2%,6.8,2.6
297,1 4 7 13,6.64,96.7%,7.27,2.92
298,2 3 4 6,6.64,97.8%,7.05,2.31
299,4 6 12 12,6.64,97%,7.11,2.47
300,1 3 3 9,6.65,96.8%,7.29,2.87
301,1 4 4 7,6.65,96.2%,7.37,3.21
302,1 6 8 10,6.65,97.3%,7.09,2.43
303,4 4 4 4,6.65,97.9%,7.21,2.97
304,3 7 13 13,6.67,87.5%,6.79,2.79
305,1 2 3 6,6.68,97.1%,7.12,2.42
306,1 3 13 13,6.68,97.2%,7.21,2.64
307,1 2 5 5,6.69,95.1%,7.24,2.94
308,1 7 7 11,6.69,97.1%,7.27,2.64
309,7 8 11 12,6.69,96.2%,7.16,2.68
310,1 5 8 10,6.7,96.5%,7.2,2.58
311,2 8 9 12,6.7,95.3%,7.12,2.78
312,3 6 6 7,6.7,93.8%,7.18,2.71
313,1 2 10 13,6.71,97.1%,7.21,2.75
314,3 7 11 11,6.71,87.8%,6.94,3.15
315,3 8 9 10,6.71,96.3%,7.05,2.53
316,5 6 6 7,6.71,97.8%,7.17,2.43
317,2 2 8 12,6.72,98.2%,7.15,2.33
318,1 1 2 7,6.73,95.5%,6.94,2.06
319,1 10 11 12,6.73,94.9%,7.13,2.56
320,9 9 10 13,6.73,91%,6.94,2.73
321,2 2 5 5,6.74,93.4%,7.11,2.49
322,4 4 12 13,6.74,92.2%,7.12,2.63
323,1 12 12 12,6.75,93.9%,6.96,2.58
324,4 4 5 5,6.75,93.3%,7.24,2.64
325,5 7 10 12,6.75,96.8%,7.24,2.52
326,1 2 5 6,6.76,94.4%,7.25,2.81
327,1 3 3 3,6.76,95.7%,7.15,2.54
328,2 5 6 11,6.76,96.3%,7.26,2.64
329,3 3 5 6,6.76,96.5%,7.38,2.69
330,6 8 10 12,6.77,97.4%,7.34,2.8
331,1 9 11 12,6.78,93.8%,7.28,3.1
332,6 7 12 13,6.78,95.5%,7.29,2.77
333,1 1 2 9,6.79,95%,7.12,2.32
334,1 4 8 13,6.8,97.4%,7.18,2.48
335,2 2 2 4,6.8,96.1%,7.16,2.49
336,3 4 10 13,6.82,96.5%,7.29,2.83
337,5 6 7 7,6.83,87.3%,6.95,2.79
338,1 2 5 7,6.84,95.3%,7.17,2.63
339,2 2 2 13,6.84,93.6%,7.23,2.8
340,2 11 11 13,6.84,95.1%,7.37,2.86
341,3 3 12 13,6.84,93.4%,7.28,2.67
342,1 5 6 6,6.85,93.8%,7.55,3.46
343,1 6 8 11,6.85,97.8%,7.3,2.44
344,2 3 12 13,6.85,95.9%,7.35,2.64
345,5 7 11 11,6.86,96.3%,7.27,2.65
346,8 9 11 12,6.86,95.2%,7.54,3.11
347,3 4 5 7,6.87,96.7%,7.38,2.7
348,4 7 7 7,6.87,88.8%,7.08,3.04
349,4 8 8 8,6.87,94.5%,7.26,2.79
350,7 7 10 13,6.87,90%,7.19,3.17
351,4 4 4 8,6.88,96.4%,7.48,2.9
352,4 5 11 11,6.88,87.4%,7.37,3.74
353,2 4 4 8,6.89,96.5%,7.29,2.66
354,2 6 6 8,6.9,95.7%,7.5,3.03
355,3 3 3 3,6.9,96%,7.57,3.41
356,7 9 13 13,6.9,96.6%,7.46,2.76
357,11 12 12 13,6.9,97.1%,7.5,2.71
358,1 1 4 9,6.91,93.6%,7.13,2.35
359,7 8 12 13,6.91,96.7%,7.4,2.63
360,1 1 3 5,6.92,95.4%,7.24,2.32
361,1 2 11 13,6.92,93.5%,7.54,3.16
362,2 4 13 13,6.93,95.9%,7.47,2.75
363,8 9 12 13,6.93,96%,7.42,2.68
364,1 1 6 12,6.94,90.9%,7.5,3.43
365,1 3 4 4,6.94,93.5%,7.3,3.11
366,1 6 6 10,6.94,93.6%,7.3,3.13
367,3 3 3 10,6.94,94.4%,7.49,3.17
368,3 8 8 9,6.94,95.8%,7.3,2.54
369,4 5 7 7,6.94,91.1%,7.55,3.62
370,6 9 12 12,6.95,89.3%,7.52,3.71
371,8 9 10 13,6.95,96%,7.47,2.7
372,9 11 11 11,6.95,95.5%,7.3,2.74
373,1 3 6 7,6.96,96.4%,7.36,2.77
374,4 7 10 11,6.96,97.1%,7.55,2.81
375,1 9 10 12,6.97,94%,7.35,2.83
376,4 7 13 13,6.97,87.8%,7.25,3.1
377,9 10 11 12,6.97,96.1%,7.51,2.82
378,4 7 8 8,6.99,94.3%,7.41,2.6
379,5 5 10 10,6.99,86.8%,7.33,3.22
380,11 11 12 13,6.99,95.2%,7.46,2.53
381,2 6 10 12,7,95.4%,7.46,2.77
382,5 6 13 13,7,87.2%,7.09,2.81
383,2 2 12 13,7.01,92.6%,7.32,2.66
384,2 8 12 12,7.01,95.3%,7.36,2.61
385,5 6 9 9,7.01,90.8%,7.33,2.81
386,1 3 5 13,7.02,94.4%,7.44,2.72
387,2 5 5 13,7.02,92.3%,7.46,2.87
388,6 8 11 11,7.02,94.1%,7.55,3.11
389,8 8 10 13,7.02,90.6%,7.47,3.13
390,1 2 2 11,7.03,97.2%,7.58,2.95
391,1 11 12 12,7.04,94.4%,7.62,3.18
392,2 4 5 8,7.04,95.2%,7.45,2.82
393,3 3 4 4,7.04,94.5%,7.4,2.63
394,4 4 4 12,7.04,96.5%,7.5,2.91
395,1 3 10 11,7.05,96.3%,7.7,3.16
396,8 8 12 13,7.05,92.3%,7.37,2.68
397,2 3 5 5,7.06,96.2%,7.56,2.89
398,4 6 9 10,7.06,94%,7.55,3.25
399,1 2 11 12,7.07,97%,7.74,3.18
400,3 6 6 12,7.07,95.5%,7.75,2.97
401,1 6 8 8,7.08,93.2%,7.41,2.98
402,2 5 5 8,7.08,88.6%,7.29,3.23
403,2 6 7 12,7.08,92.3%,7.33,3.01
404,3 3 3 7,7.08,92.1%,7.52,3.28
405,3 6 9 9,7.08,94%,7.65,3.29
406,6 7 10 13,7.08,96.6%,7.62,2.8
407,2 9 9 11,7.09,87.5%,7.11,2.8
408,6 8 8 8,7.09,88.1%,7.54,3.57
409,1 2 6 7,7.1,95.5%,7.48,2.61
410,1 3 7 13,7.1,96.9%,7.5,2.64
411,4 5 10 10,7.1,91.3%,7.5,3.25
412,2 6 7 13,7.11,96.7%,7.52,2.7
413,3 4 11 12,7.11,95.3%,7.77,3.41
414,1 2 3 5,7.12,95.5%,7.44,2.42
415,1 3 10 12,7.13,96.5%,7.59,2.73
416,8 10 11 11,7.13,95.1%,7.55,2.78
417,1 8 8 10,7.14,92.3%,7.51,3.03
418,5 5 6 6,7.14,93.1%,7.63,2.91
419,1 8 8 11,7.15,93.5%,7.66,3.52
420,2 3 3 13,7.16,94%,7.71,2.99
421,1 7 8 11,7.17,92.7%,7.51,3.06
422,2 2 10 13,7.17,90%,7.38,3.1
423,2 9 9 13,7.17,88.7%,7.26,2.64
424,1 2 2 13,7.18,96.7%,7.71,3.11
425,1 3 9 11,7.18,95.1%,7.68,3.09
426,4 6 6 8,7.18,97.3%,7.66,2.64
427,3 5 5 6,7.19,89.3%,7.49,3.3
428,1 7 7 9,7.2,96.1%,7.58,2.88
429,1 10 12 13,7.2,94.4%,7.57,2.84
430,3 7 12 13,7.2,93.9%,7.69,3.1
431,4 8 11 12,7.2,93%,7.8,3.22
432,5 5 10 13,7.2,89.9%,7.62,3.44
433,2 5 9 12,7.21,95.7%,7.66,2.91
434,5 6 11 11,7.21,87.1%,7.47,3.36
435,10 10 12 13,7.21,92.3%,7.48,2.6
436,3 7 7 9,7.23,86.8%,7.31,3
437,1 1 8 8,7.24,89.6%,7.71,3.87
438,1 3 4 11,7.24,96%,7.77,2.95
439,1 5 6 9,7.24,92.1%,7.73,3.58
440,2 6 10 10,7.24,95.9%,7.77,3.05
441,5 5 11 11,7.24,85.8%,7.48,3.48
442,5 5 13 13,7.24,85.5%,7.43,3.23
443,6 6 12 13,7.24,90.4%,7.7,3.16
444,2 5 12 12,7.25,83.3%,7.57,4.22
445,8 8 9 11,7.25,89.4%,7.79,3.79
446,1 3 4 5,7.26,97.6%,7.74,2.49
447,2 2 7 13,7.26,96.3%,7.68,2.9
448,1 7 10 12,7.27,92.8%,7.7,3.12
449,2 7 7 13,7.27,86.2%,7.38,3.13
450,2 9 10 12,7.27,94.1%,7.63,2.88
451,4 5 11 13,7.27,90.7%,7.77,3.4
452,4 8 10 12,7.27,95.8%,7.83,2.93
453,2 8 8 8,7.28,93.8%,7.85,3.39
454,3 8 8 12,7.29,91.6%,7.77,3.18
455,3 9 10 11,7.29,93%,7.67,2.95
456,1 2 4 10,7.32,96.2%,7.78,3.18
457,3 5 13 13,7.32,94.1%,7.81,3.12
458,4 7 12 13,7.32,92.2%,7.87,3.42
459,5 5 7 8,7.32,92.7%,7.81,3.01
460,5 9 10 10,7.32,92.9%,7.74,3.14
461,1 1 6 8,7.33,95%,7.69,2.54
462,3 4 5 12,7.33,97.1%,7.72,2.71
463,1 6 8 13,7.34,94.5%,7.79,2.88
464,2 2 3 9,7.34,94.8%,7.82,2.88
465,2 6 7 9,7.34,96.1%,7.85,3.01
466,3 7 11 12,7.34,90.7%,7.82,3.51
467,6 6 6 11,7.35,88.8%,7.65,3.55
468,9 12 12 12,7.35,81.7%,7.21,3.72
469,1 7 9 13,7.36,93.9%,7.64,2.62
470,2 3 3 11,7.37,89.7%,7.7,3.36
471,10 12 12 13,7.37,90.1%,7.81,3.55
472,1 6 6 9,7.38,90.7%,7.87,3.37
473,4 5 5 8,7.38,88%,7.52,2.99
474,7 9 10 12,7.38,94.1%,7.95,3.25
475,7 10 10 11,7.38,93.7%,7.72,2.98
476,1 3 7 8,7.39,89.5%,7.64,3.61
477,3 6 11 12,7.39,93.3%,7.82,3.18
478,5 10 11 11,7.39,90.4%,7.68,2.9
479,3 6 6 6,7.4,94.5%,7.88,3.26
480,1 8 9 11,7.41,92.8%,7.71,3.07
481,3 5 5 12,7.41,89%,7.75,3.44
482,5 6 11 13,7.41,91.4%,7.89,3.41
483,1 5 9 9,7.42,94.4%,7.89,3.22
484,1 12 12 13,7.42,94.4%,7.95,3.26
485,3 4 8 10,7.42,93.5%,7.77,3.21
486,4 7 11 11,7.42,86.2%,7.61,3.56
487,5 6 8 8,7.42,92.4%,7.86,3.05
488,1 8 11 12,7.43,91.6%,7.95,3.45
489,10 11 11 12,7.43,96.8%,7.92,2.82
490,1 11 12 13,7.44,94.3%,7.87,3.18
491,3 3 9 9,7.44,95.9%,7.78,2.79
492,3 5 6 8,7.44,93.8%,7.98,3.23
493,4 4 5 8,7.44,96%,7.82,2.62
494,2 4 10 12,7.45,96.6%,8.1,3.23
495,3 6 8 8,7.45,92.7%,7.77,2.97
496,1 2 7 10,7.46,90.8%,8.07,4.12
497,7 8 8 9,7.46,86.3%,7.85,3.99
498,2 3 7 12,7.47,94.8%,7.91,3.05
499,2 7 8 13,7.47,94.2%,7.98,3.15
500,3 3 4 5,7.47,93.9%,7.91,3.24
501,5 5 9 9,7.48,85.3%,7.74,3.53
502,2 2 4 7,7.49,95.1%,8.15,3.16
503,6 8 13 13,7.5,93.4%,7.95,3.13
504,1 2 3 7,7.53,96.1%,8.23,3.25
505,2 5 6 8,7.54,95.5%,8.02,3.05
506,3 5 10 12,7.54,94.8%,8.11,3.19
507,5 8 8 10,7.54,91.6%,7.99,3.44
508,4 7 9 9,7.55,86.6%,7.69,3.25
509,2 6 9 11,7.56,95.8%,8.08,3.17
510,3 9 11 11,7.56,85.4%,7.7,3.41
511,4 4 4 7,7.56,91.4%,7.96,3.42
512,1 7 9 9,7.57,94.8%,8.03,3.17
513,2 2 6 6,7.57,96.1%,8.1,3.08
514,5 7 13 13,7.57,94.1%,7.99,3.24
515,5 10 13 13,7.57,92.7%,8.01,2.78
516,1 2 3 9,7.58,96.5%,8.15,3.17
517,2 4 8 10,7.58,97.8%,8.07,2.66
518,2 10 10 11,7.58,85.1%,7.4,3.01
519,1 2 4 13,7.59,93.8%,7.94,2.98
520,3 9 13 13,7.59,86.2%,7.73,3.38
521,6 7 11 13,7.59,90.1%,8,3.53
522,1 5 5 6,7.6,95.1%,8.15,3.14
523,2 3 4 12,7.6,94.4%,8.11,3.28
524,3 3 5 5,7.6,89.5%,7.89,3.26
525,1 2 2 4,7.61,95.8%,7.95,2.48
526,1 4 5 5,7.61,95.9%,8.1,2.79
527,2 6 6 6,7.61,96.1%,8.13,3.05
528,4 4 8 8,7.61,95.9%,8.22,3.21
529,2 2 7 8,7.62,93.6%,7.98,3.03
530,2 10 10 13,7.62,89.9%,7.83,3.04
531,9 10 10 13,7.62,95.3%,8.05,3.09
532,1 4 4 4,7.63,95.9%,8.11,2.99
533,6 6 6 9,7.64,89.9%,8.16,3.98
534,3 3 10 13,7.65,89.2%,7.92,3.6
535,3 5 5 7,7.66,90.1%,7.88,3.19
536,5 5 10 11,7.66,87.4%,8,3.74
537,8 8 8 12,7.66,88.3%,8.04,4.03
538,1 8 9 13,7.67,91.6%,8.14,3.67
539,3 5 6 12,7.67,93.4%,8.19,3.29
540,3 4 4 7,7.68,90.4%,8.11,3.53
541,4 8 12 13,7.68,92%,8.33,3.75
542,2 8 12 13,7.69,89.8%,7.96,3.56
543,2 3 5 6,7.7,95.4%,8.18,3.01
544,3 6 10 12,7.7,93.1%,8.24,3.53
545,3 7 9 10,7.7,92%,8.27,3.55
546,4 4 7 9,7.71,93.5%,8.14,3.48
547,1 3 8 12,7.72,96.8%,8.23,2.91
548,2 6 6 13,7.72,84.9%,7.68,3.21
549,3 4 9 12,7.72,94.4%,8.19,3.19
550,9 11 13 13,7.72,92.3%,8.27,3.29
551,2 6 6 11,7.74,83%,7.51,3.25
552,1 2 12 13,7.75,96.3%,8.49,3.44
553,1 2 4 11,7.76,92%,8.01,2.8
554,2 2 2 10,7.76,93.9%,8.19,3.37
555,2 2 4 10,7.76,94.4%,8.11,2.94
556,1 3 5 11,7.77,93%,8.12,2.88
557,1 4 10 11,7.77,95%,8.25,3.23
558,2 4 4 13,7.77,85.5%,7.87,3.55
559,1 2 2 5,7.78,94.6%,8.07,2.85
560,1 9 11 11,7.78,90.1%,7.97,3.09
561,3 4 4 12,7.78,90.6%,8.06,3.37
562,2 4 5 13,7.79,94.7%,8.37,3.35
563,2 7 8 8,7.79,92.6%,8.16,3.19
564,3 4 4 9,7.79,90.9%,8.33,3.39
565,7 10 12 12,7.79,84.7%,7.89,3.93
566,2 6 11 13,7.81,90.1%,8.01,3.43
567,3 6 12 12,7.81,93.2%,8.37,3.56
568,4 7 9 10,7.81,91%,8.34,3.71
569,4 8 10 11,7.81,90.8%,8.12,3.49
570,2 6 8 11,7.82,93.5%,8.29,3.45
571,3 3 4 12,7.83,95.1%,8.45,3.22
572,3 9 12 12,7.84,91%,8.4,3.61
573,8 9 11 13,7.84,90.5%,8.29,3.78
574,1 2 9 12,7.85,92.8%,8.43,3.84
575,4 5 7 8,7.86,95.5%,8.32,3.15
576,5 6 7 8,7.87,93.8%,8.32,3.14
577,5 8 8 9,7.87,87.2%,8.19,3.99
578,1 4 9 12,7.88,96.2%,8.5,3.35
579,3 3 4 7,7.88,90.3%,8.37,3.63
580,1 4 8 11,7.89,95.7%,8.34,2.89
581,2 2 9 11,7.89,91.6%,8.19,3.26
582,3 6 6 9,7.89,96.3%,8.4,3.07
583,2 4 4 11,7.9,84.6%,7.85,3.57
584,5 6 10 11,7.9,90.5%,8.25,3.57
585,5 6 10 10,7.91,86.7%,8.16,3.89
586,5 8 12 12,7.92,75.3%,7.05,3.79
587,1 5 6 10,7.93,91.7%,8.25,3.26
588,2 4 6 10,7.93,94%,8.4,3.39
589,3 12 12 12,7.93,91.2%,8.28,3.45
590,5 6 6 6,7.93,87.5%,8.16,3.65
591,1 6 9 13,7.94,90.8%,8.33,4.05
592,1 4 6 11,7.95,92.6%,8.29,3.24
593,3 4 12 13,7.95,93.3%,8.59,3.77
594,3 9 10 10,7.95,84.9%,7.87,3.54
595,6 6 10 12,7.95,93.8%,8.34,3.18
596,1 2 6 9,7.96,94.5%,8.55,3.6
597,2 5 5 11,7.96,83.2%,7.84,3.54
598,3 5 8 11,7.96,89.5%,8.22,3.51
599,1 4 4 10,7.97,92.2%,8.17,3.47
600,2 2 4 8,7.97,95.8%,8.49,3.1
601,2 6 8 10,7.97,93.5%,8.48,3.57
602,3 4 7 9,7.97,93.4%,8.41,3.67
603,2 7 7 11,7.98,86.3%,7.99,3.73
604,3 6 7 9,8,93.2%,8.49,3.58
605,3 6 10 10,8,85.5%,8,3.76
606,2 2 3 3,8.01,93.3%,8.36,3.24
607,2 2 6 12,8.01,94.1%,8.58,3.55
608,6 6 9 12,8.01,91.8%,8.27,3.38
609,10 12 13 13,8.01,94.5%,8.52,3
610,4 6 8 9,8.02,93.5%,8.52,3.49
611,8 10 13 13,8.02,92.5%,8.4,3.34
612,3 7 12 12,8.03,91.3%,8.43,3.53
613,4 4 4 5,8.03,85%,8.05,3.96
614,7 8 11 13,8.04,90.6%,8.6,3.88
615,1 2 5 9,8.05,95.2%,8.5,3.07
616,4 5 10 11,8.05,88.1%,8.5,4.36
617,2 3 3 6,8.06,96.3%,8.52,2.95
618,2 3 5 11,8.07,94.9%,8.57,3.31
619,3 12 12 13,8.07,92.5%,8.45,3.31
620,6 6 7 10,8.07,84%,8.09,4.22
621,1 4 4 9,8.08,94.2%,8.58,3.55
622,3 3 8 9,8.08,88.5%,8.41,3.89
623,3 4 10 12,8.08,92.7%,8.48,3.55
624,2 5 6 13,8.1,91.5%,8.5,3.6
625,3 4 5 5,8.1,94%,8.78,3.78
626,3 7 10 11,8.11,90.7%,8.37,3.42
627,6 7 8 10,8.11,91.4%,8.62,3.65
628,2 3 4 8,8.13,92.8%,8.89,4.11
629,4 5 8 9,8.13,89.3%,8.55,4.17
630,5 8 8 13,8.14,92.5%,8.49,3.7
631,3 9 12 13,8.15,89.6%,8.62,4
632,2 8 8 9,8.16,90.4%,8.51,3.45
633,4 8 9 10,8.16,89.1%,8.37,3.49
634,2 4 9 13,8.17,93.9%,8.57,3.52
635,10 11 12 13,8.18,96%,8.82,3.57
636,8 10 10 12,8.19,94.4%,8.65,3.43
637,1 3 6 9,8.2,92.8%,8.69,3.37
638,4 4 6 12,8.2,94.3%,8.93,3.89
639,1 3 6 13,8.22,92.1%,8.48,3.18
640,1 8 11 13,8.23,88.3%,8.42,3.6
641,2 5 6 7,8.23,92.5%,8.67,3.67
642,2 7 8 11,8.23,94.9%,8.76,3.57
643,4 7 9 12,8.23,94.7%,8.72,3.31
644,4 8 8 9,8.23,92.5%,8.51,3.2
645,4 10 12 12,8.23,92.2%,8.68,3.49
646,2 2 3 7,8.24,88.3%,8.54,3.85
647,2 7 9 10,8.25,94%,8.67,3.27
648,4 5 9 10,8.25,90.5%,8.59,3.69
649,2 4 8 8,8.26,93.8%,8.92,4.14
650,3 7 8 12,8.26,95.1%,8.77,3.27
651,9 10 12 13,8.26,93.6%,8.86,3.64
652,1 6 11 12,8.27,88.9%,8.29,2.95
653,3 5 8 8,8.27,92.3%,8.73,3.95
654,8 11 12 12,8.27,77.3%,7.59,3.85
655,2 2 4 11,8.28,91.8%,8.72,3.71
656,3 5 6 6,8.28,92.2%,8.81,3.64
657,1 4 9 11,8.29,94.4%,8.93,3.73
658,3 6 9 10,8.29,92.5%,8.69,3.66
659,1 3 4 13,8.3,94.5%,8.87,3.71
660,2 4 8 11,8.3,93%,8.61,3.65
661,4 6 8 12,8.3,94.1%,8.95,3.55
662,1 5 5 13,8.31,93.1%,8.5,3.26
663,3 4 9 11,8.31,89.7%,8.55,4.06
664,1 5 9 10,8.33,93.1%,8.82,3.87
665,2 7 11 12,8.34,91.4%,8.69,3.48
666,4 4 10 12,8.34,90.8%,8.71,4
667,5 6 9 10,8.36,90.8%,8.87,3.84
668,6 8 8 10,8.36,91%,8.82,4.03
669,1 1 7 10,8.37,85%,8.4,4.33
670,2 4 8 12,8.37,94%,9.07,4.28
671,5 5 8 9,8.37,89.9%,8.84,4
672,1 4 5 11,8.38,90.7%,8.66,4.02
673,2 2 6 10,8.38,95.4%,8.81,3.08
674,2 8 9 10,8.38,88.7%,8.56,3.86
675,1 2 8 9,8.39,93.4%,8.97,3.48
676,1 3 4 9,8.39,94.6%,8.94,3.85
677,6 6 7 9,8.39,90.7%,8.79,3.76
678,5 8 9 11,8.41,89.8%,8.72,3.82
679,1 3 12 12,8.42,85.6%,8.72,4.78
680,3 4 7 10,8.44,93.3%,8.71,3.48
681,5 8 11 13,8.45,88.6%,8.58,3.53
682,2 8 9 13,8.46,90%,8.64,3.71
683,1 2 2 7,8.47,91.9%,8.81,3.37
684,1 2 6 13,8.5,91.1%,9.06,3.98
685,2 4 4 4,8.51,94.7%,8.97,3.29
686,3 6 8 9,8.51,93.7%,8.9,3.18
687,5 5 8 8,8.53,84.8%,8.58,4.01
688,2 5 10 11,8.54,94.2%,9.1,3.67
689,2 8 8 11,8.54,84%,8.24,3.61
690,4 7 8 9,8.55,91.9%,8.94,3.78
691,2 4 7 10,8.57,91.2%,8.82,3.86
692,1 6 12 13,8.58,89.3%,8.66,3.34
693,3 4 5 10,8.58,90.3%,8.93,4.14
694,4 4 8 11,8.58,86.8%,8.58,3.86
695,1 2 3 3,8.59,95.7%,8.96,2.98
696,6 6 8 9,8.59,90.3%,8.94,3.61
697,2 3 10 13,8.61,93.5%,9.11,3.95
698,2 10 11 13,8.61,89.7%,8.68,3.45
699,4 4 4 9,8.61,88.1%,8.62,4.06
700,2 4 6 6,8.62,94.3%,9.32,3.9
701,3 3 7 11,8.62,92.2%,8.93,3.65
702,2 3 3 7,8.63,91.9%,8.98,3.69
703,2 9 12 13,8.63,90.8%,9.02,3.91
704,3 3 8 12,8.63,91.6%,9.13,3.93
705,5 6 10 13,8.63,91.1%,9.33,4.39
706,2 9 10 11,8.64,88.8%,8.57,3.38
707,3 11 12 12,8.64,91.1%,9.01,3.45
708,6 8 10 13,8.64,86.6%,8.73,3.87
709,1 6 10 13,8.66,88.3%,8.89,4.23
710,2 6 6 10,8.66,94.1%,9.11,3.63
711,1 3 4 10,8.67,93.1%,8.98,3.44
712,1 4 9 10,8.67,93.6%,9.07,3.72
713,2 4 7 11,8.67,92.7%,9.07,3.86
714,2 2 3 13,8.68,87.6%,8.74,3.73
715,2 4 6 9,8.68,92.1%,9.17,4.15
716,2 8 11 12,8.68,88.5%,8.91,4.23
717,4 4 7 12,8.68,89.5%,8.97,4.18
718,4 5 8 12,8.68,93.5%,9.23,3.78
719,1 2 5 13,8.7,94.4%,9.2,3.62
720,3 6 7 12,8.72,90.3%,9,3.89
721,4 4 4 11,8.72,86.3%,8.9,4.62
722,1 2 7 8,8.73,94.7%,9.22,3.59
723,2 2 4 13,8.73,91%,9.22,4.19
724,2 2 8 10,8.74,94.5%,9.32,3.29
725,3 7 7 13,8.75,93.6%,9.08,3.2
726,6 8 8 11,8.75,87.1%,8.85,3.94
727,1 2 3 11,8.77,95.7%,9.12,3.4
728,1 3 9 13,8.79,93.9%,9.43,4.17
729,1 11 13 13,8.79,91.3%,9.1,3.85
730,6 6 9 11,8.79,88.7%,9.14,4.16
731,4 5 6 7,8.81,89.8%,9.2,3.97
732,4 5 8 8,8.82,86.9%,8.93,4.13
733,6 8 9 13,8.82,94.1%,9.47,3.95
734,1 4 6 7,8.83,87.2%,9.06,4.68
735,1 2 9 13,8.85,93.2%,9.41,4.18
736,4 6 10 12,8.86,93.9%,9.41,4.06
737,2 3 5 9,8.87,92.2%,9.42,4.31
738,5 5 9 10,8.87,86.6%,9.23,4.42
739,2 9 10 13,8.89,90.2%,9.38,4.18
740,1 3 4 7,8.9,95.1%,9.73,3.97
741,2 4 9 9,8.9,90.2%,9.04,3.95
742,4 8 9 11,8.91,92.8%,9.39,3.94
743,7 8 8 11,8.91,80.9%,8.38,4.53
744,3 4 7 7,8.92,94.2%,9.56,3.85
745,2 8 9 11,8.93,90.8%,9.35,3.93
746,2 4 10 13,8.94,89.2%,9.31,4.54
747,3 9 9 10,8.94,86.6%,8.91,3.86
748,2 6 7 8,8.95,89.6%,9.24,4.04
749,2 9 11 11,8.95,89.4%,9.29,4.07
750,3 10 11 12,8.96,89.3%,9.13,3.72
751,4 4 6 11,8.96,86.4%,8.93,4.58
752,7 8 10 13,8.96,92.2%,9.5,4.17
753,2 5 7 10,8.97,92.1%,9.33,3.77
754,9 10 11 13,8.97,89.8%,9.27,3.92
755,6 6 8 11,8.98,83%,8.7,4.55
756,1 4 5 10,8.99,91.4%,9.17,3.68
757,4 11 12 13,8.99,91.3%,9.36,3.89
758,2 3 4 13,9,91.1%,9.39,4.01
759,2 3 7 11,9,92.2%,9.35,4.29
760,5 7 8 8,9,82.6%,8.72,4.8
761,1 2 6 11,9.01,89.8%,9.37,4.3
762,4 5 9 13,9.01,89.3%,9.68,4.98
763,3 7 10 13,9.02,88.3%,9.52,4.81
764,1 1 3 10,9.04,88.4%,9.06,3.92
765,4 5 5 9,9.04,91.5%,9.43,3.93
766,1 5 5 9,9.05,88.6%,9.17,3.7
767,3 5 9 12,9.05,90%,9.35,4.07
768,5 6 6 10,9.05,89%,9.27,3.95
769,1 3 8 8,9.06,86.8%,9.24,4.52
770,4 4 8 10,9.06,91.2%,9.4,4.48
771,1 3 3 10,9.07,90.1%,9.22,4.13
772,1 4 6 9,9.07,86.2%,9.01,4.15
773,4 8 8 12,9.07,94.4%,9.58,3.94
774,6 8 12 12,9.08,91.4%,9.7,4.29
775,3 5 6 9,9.09,92.8%,9.51,3.75
776,5 5 6 7,9.09,91%,9.51,4.08
777,1 2 4 5,9.1,90.6%,9.45,4.22
778,4 4 9 11,9.1,82.1%,8.75,4.72
779,1 5 6 8,9.13,90.5%,9.28,3.94
780,4 12 12 12,9.13,86.5%,9.47,4.86
781,6 6 8 10,9.13,90.5%,9.38,4.21
782,1 2 4 9,9.14,91%,9.58,4.04
783,3 4 4 5,9.14,91.2%,9.52,4.19
784,4 4 8 13,9.14,86.6%,9.05,4.33
785,2 2 3 6,9.15,91.6%,9.46,4.16
786,1 5 9 11,9.17,93.3%,9.65,3.92
787,2 2 5 6,9.17,88.4%,9.47,4.57
788,2 5 8 13,9.17,93.1%,9.63,3.93
789,3 5 6 7,9.17,89.6%,9.23,3.88
790,2 11 12 13,9.18,89.7%,9.58,4.11
791,4 7 10 10,9.18,83.8%,8.91,4.19
792,1 3 5 10,9.19,93.2%,9.67,3.84
793,2 2 5 7,9.19,89.2%,9.23,3.72
794,2 3 9 9,9.19,90.9%,9.6,4.02
795,3 9 10 12,9.19,90.3%,9.4,3.75
796,5 10 10 12,9.25,87%,9.19,3.62
797,6 6 8 13,9.25,83.3%,8.98,4.45
798,2 3 6 10,9.26,92.3%,9.53,3.85
799,2 5 8 9,9.26,92.8%,9.61,3.82
800,2 8 8 10,9.27,92.8%,9.51,3.81
801,3 6 12 13,9.28,86.5%,9.2,4.47
802,1 3 5 7,9.3,89.6%,9.52,4.11
803,2 2 3 11,9.31,86.2%,9.29,4.21
804,3 7 8 9,9.31,87.3%,9.33,3.93
805,4 5 10 13,9.31,91.4%,9.83,4.45
806,6 6 6 12,9.32,89.3%,9.51,4.58
807,2 2 5 11,9.34,87.7%,9.66,4.56
808,4 4 5 10,9.34,85.9%,9.36,4.8
809,1 5 10 13,9.35,88.8%,9.35,3.49
810,2 3 4 11,9.35,88%,9.49,4.23
811,6 8 11 13,9.36,86.2%,9.67,4.66
812,7 12 12 13,9.36,82.8%,9.14,4.23
813,2 3 8 12,9.39,93.2%,9.92,3.89
814,2 10 11 11,9.39,86.2%,9.37,4.06
815,8 8 9 13,9.39,81.2%,8.98,4.9
816,2 2 6 8,9.4,95.5%,9.82,3.55
817,3 4 6 12,9.4,93.5%,9.92,3.99
818,2 3 3 9,9.43,93.1%,9.85,3.81
819,3 7 7 10,9.43,89.4%,9.75,4.32
820,2 3 4 4,9.44,94.3%,9.83,3.61
821,5 7 8 9,9.46,88.7%,9.68,4.26
822,8 8 8 13,9.47,84.2%,9.4,4.41
823,1 2 7 9,9.52,93.4%,10.02,3.92
824,3 4 7 11,9.52,86.8%,9.34,4.64
825,3 5 5 9,9.52,83.4%,9.09,4.19
826,5 6 7 12,9.52,84.6%,9.48,4.44
827,3 9 11 12,9.53,90.3%,10.02,4.52
828,5 9 9 11,9.56,89.5%,9.82,3.88
829,4 5 7 12,9.57,87.9%,9.53,4.02
830,6 6 6 8,9.57,91.4%,9.89,4.25
831,3 3 6 11,9.58,90.3%,9.94,4.55
832,2 3 8 11,9.59,92.7%,10.18,4.05
833,2 4 4 7,9.59,89.2%,9.69,4.32
834,3 3 4 9,9.6,92.3%,9.9,3.86
835,1 6 9 10,9.61,92.2%,9.92,3.85
836,1 9 11 13,9.61,87.7%,9.78,4.2
837,3 3 6 9,9.61,94.4%,10.27,4.03
838,5 8 9 12,9.61,92.2%,10.03,4.04
839,2 5 6 10,9.62,88.3%,9.79,4.62
840,2 6 8 8,9.63,92.9%,10.03,4.12
841,3 3 3 9,9.64,84.3%,9.58,4.9
842,3 4 5 9,9.65,85%,9.48,4.66
843,4 7 7 11,9.66,87.5%,9.83,4.74
844,1 1 4 10,9.67,84.7%,9.42,5.09
845,5 11 12 12,9.69,82.7%,9.26,4.36
846,3 8 9 12,9.7,90.2%,10.11,4.54
847,5 6 8 9,9.72,89.9%,10.01,4.43
848,4 7 8 13,9.73,90.8%,10.23,4.41
849,4 5 5 7,9.75,82.5%,9.26,4.37
850,3 8 8 11,9.77,90.1%,10,4.56
851,3 3 5 9,9.78,87.2%,9.77,4.06
852,3 4 6 10,9.78,90%,10.2,4.83
853,4 5 7 11,9.78,87%,9.95,5.03
854,2 4 5 9,9.81,86.3%,9.83,4.75
855,4 7 11 12,9.83,86.1%,9.91,4.92
856,1 7 12 12,9.85,80.5%,9.13,4.51
857,2 3 6 11,9.85,90.1%,10.1,4.47
858,2 7 9 13,9.86,87.4%,10.04,4.93
859,6 6 8 12,9.86,90.8%,10.17,4.36
860,3 3 7 9,9.88,90.9%,10.1,3.83
861,3 5 9 13,9.91,91.4%,10.25,4.2
862,2 2 4 9,9.94,90.4%,10.17,4.45
863,5 7 9 13,9.95,91%,10.38,4.02
864,6 12 13 13,9.95,87.3%,10,3.82
865,1 5 5 11,9.97,87.7%,10.09,4.24
866,4 4 5 7,9.98,85.2%,9.64,4.61
867,6 9 10 11,9.99,91.5%,10.29,4.12
868,4 9 9 10,10,89.9%,10.26,4.16
869,1 5 6 13,10.01,90.5%,10.37,4.8
870,3 7 8 13,10.02,84.4%,9.94,5.13
871,5 6 9 12,10.02,87.2%,10.08,4.43
872,2 3 9 13,10.04,87.7%,10.28,5.32
873,4 9 12 12,10.04,89.5%,10.45,4.46
874,2 4 6 13,10.06,87.1%,10.27,5.1
875,1 2 5 10,10.07,91.8%,10.32,4.11
876,2 3 4 10,10.07,91.9%,10.47,4.38
877,6 7 9 12,10.08,86.4%,10.02,4.88
878,6 10 12 12,10.09,88.8%,10.37,4.59
879,1 7 9 10,10.1,87%,10,3.98
880,6 6 8 8,10.12,86.2%,9.93,4.55
881,2 4 5 11,10.13,87.3%,10.25,4.77
882,3 3 6 10,10.15,86.7%,10.02,4.34
883,1 8 10 11,10.17,87.3%,10.18,3.52
884,3 3 3 5,10.17,85.6%,9.83,4.23
885,6 11 11 12,10.17,86.6%,10.04,4.07
886,1 3 3 11,10.21,88.3%,10.21,4.76
887,4 5 6 10,10.22,90.4%,10.69,4.46
888,6 8 9 11,10.22,84.4%,10.14,4.85
889,2 4 12 12,10.24,85.9%,10.13,4.7
890,4 9 11 12,10.24,88.7%,10.39,4.31
891,6 7 8 9,10.26,84.5%,9.99,4.59
892,2 6 12 12,10.27,89.2%,10.67,5.14
893,1 5 10 11,10.3,86.4%,10.1,3.74
894,5 5 6 11,10.31,87.2%,10.29,4.71
895,2 3 6 9,10.32,93.3%,10.81,4.22
896,2 5 8 11,10.32,85.9%,10.46,5.18
897,3 4 4 13,10.32,88.8%,10.39,4.34
898,5 5 5 9,10.32,87.5%,10.07,4.21
899,6 8 9 9,10.32,86.3%,10.32,4.28
900,1 11 11 13,10.33,87.5%,10.26,4.3
901,4 6 7 10,10.33,86.9%,10.47,4.9
902,7 8 9 13,10.33,84%,10.01,4.35
903,3 4 8 11,10.34,87%,10.28,5.02
904,2 2 2 5,10.37,78.7%,9.32,4.87
905,4 4 6 13,10.37,82.6%,9.78,5.22
906,2 4 8 9,10.38,83.6%,10.03,4.56
907,1 4 5 13,10.39,87.9%,10.58,4.64
908,3 6 9 11,10.4,86.8%,10.21,4.85
909,1 2 8 13,10.43,91.6%,10.65,4.76
910,3 3 6 13,10.43,86.4%,10.6,5.43
911,1 2 4 7,10.44,89.1%,10.74,5.06
912,4 5 7 9,10.44,87%,10.69,5.18
913,2 4 6 12,10.45,94.4%,11.22,4.85
914,7 9 9 13,10.45,87.8%,10.5,4.67
915,3 4 6 11,10.47,89%,10.68,4.71
916,5 6 8 12,10.47,87.6%,10.45,4.13
917,1 3 5 9,10.51,90.6%,10.73,4.59
918,1 5 9 13,10.51,84.8%,10.36,4.87
919,5 5 8 10,10.51,81%,9.91,4.06
920,2 6 8 12,10.52,94.2%,11.24,4.54
921,3 6 9 12,10.53,92.8%,10.98,4.25
922,4 7 9 13,10.54,84.4%,10.63,5.91
923,5 6 8 10,10.54,87%,10.64,4.62
924,6 6 7 12,10.54,84.2%,10.28,4.82
925,3 3 7 12,10.55,84.4%,10.38,5.39
926,4 6 6 9,10.55,88%,10.9,5.47
927,2 4 6 7,10.56,89.8%,10.65,4.36
928,6 9 12 13,10.56,88.2%,10.66,4.4
929,1 4 4 8,10.59,89.8%,10.78,5.55
930,3 4 5 6,10.6,84%,10.36,5.26
931,2 2 8 8,10.61,91.2%,10.91,4.76
932,3 3 6 7,10.61,88.5%,10.9,4.71
933,5 8 11 12,10.61,87.1%,10.87,4.38
934,1 7 9 11,10.65,85.6%,10.48,4.3
935,2 2 7 12,10.66,83.6%,10.24,4.64
936,4 5 6 8,10.66,87.3%,10.56,4.36
937,6 9 9 11,10.69,82.4%,10.01,5.19
938,1 3 6 11,10.7,88%,10.62,4.33
939,1 2 7 11,10.71,88.2%,10.87,4.8
940,5 6 7 13,10.72,86.2%,10.82,5.54
941,4 5 10 12,10.73,86.8%,10.6,4.48
942,6 7 8 11,10.76,83.7%,10.51,5.19
943,6 11 12 13,10.77,80.1%,9.89,5.14
944,1 3 9 9,10.78,84.9%,10.34,4.14
945,2 3 9 10,10.79,89.9%,11.02,4.35
946,2 5 10 10,10.79,78.8%,9.94,4.23
947,2 3 6 6,10.82,92.1%,11.25,4.42
948,1 2 3 13,10.84,91.5%,11.17,4.85
949,1 4 4 11,10.87,86.6%,10.84,5.35
950,5 10 12 13,10.89,83.4%,10.44,4.52
951,1 7 10 13,10.9,83.5%,10.47,4.67
952,6 7 10 12,10.9,85.2%,10.85,4.89
953,3 4 9 13,10.94,79.1%,9.8,5.54
954,1 2 2 9,10.95,82.5%,10.18,4.58
955,3 4 6 8,10.96,90.6%,11.42,5.07
956,1 3 8 13,10.99,90.5%,11.33,5.1
957,1 9 10 13,10.99,83.7%,10.54,4.58
958,2 3 6 13,10.99,89.8%,11.09,4.62
959,6 10 12 13,11.02,82.3%,10.48,4.9
960,1 2 6 10,11.03,86.7%,10.99,4.98
961,2 5 7 7,11.03,82.3%,10.49,4.71
962,1 6 6 6,11.04,85.9%,10.54,5.13
963,2 7 12 13,11.07,80.2%,10.18,5.13
964,2 2 5 12,11.15,84.4%,10.87,5.24
965,5 9 12 12,11.15,83.1%,10.92,4.84
966,3 3 4 11,11.16,88.5%,11.23,5.55
967,4 4 8 12,11.16,92%,11.84,5.21
968,2 3 4 7,11.19,86.7%,11.07,4.96
969,8 8 10 12,11.21,78.8%,10.1,5.82
970,2 6 8 13,11.22,86.6%,11.11,5.14
971,7 8 8 12,11.22,83%,10.67,4.67
972,3 3 9 12,11.24,87.2%,11.28,5.08
973,2 4 5 6,11.29,91%,11.73,4.5
974,2 3 4 9,11.3,88.3%,11.34,4.85
975,2 6 7 11,11.3,82.6%,10.82,5.3
976,2 3 10 12,11.33,86.8%,11.45,4.2
977,3 5 7 10,11.37,84.6%,11.02,5.28
978,1 3 7 10,11.38,86.4%,11.39,5.39
979,5 8 8 8,11.38,80.9%,10.9,5.45
980,7 7 8 11,11.38,80%,10.37,4.67
981,4 9 10 13,11.39,82.3%,10.89,4.84
982,5 6 6 8,11.39,81.2%,10.81,6.06
983,3 3 6 12,11.41,87.3%,11.66,6.05
984,4 10 12 13,11.41,81.5%,10.61,5.61
985,4 4 7 10,11.42,74.9%,9.33,4.66
986,6 8 8 12,11.42,88.2%,11.63,5.07
987,5 5 8 13,11.43,81%,10.87,4.64
988,3 9 10 13,11.44,82.7%,11.42,6.59
989,5 8 10 11,11.44,87.6%,11.19,4.88
990,1 5 6 7,11.45,89.2%,11.71,4.75
991,1 5 12 12,11.45,80.6%,10.5,5.02
992,3 4 6 6,11.45,90.5%,11.62,4.73
993,2 3 4 5,11.5,84.5%,11.11,5.57
994,2 4 6 8,11.5,93.5%,11.87,4.38
995,2 4 6 11,11.52,85.2%,11.29,5.58
996,2 4 9 12,11.52,87.3%,11.49,4.9
997,4 4 9 12,11.55,78.1%,10.48,4.94
998,2 3 3 10,11.59,85%,11.61,5.03
999,4 4 5 11,11.6,85.1%,11.39,4.81
1000,2 4 4 6,11.61,90%,11.93,4.85
1001,1 6 7 9,11.64,84.3%,11.35,4.67
1002,2 2 8 9,11.65,86.9%,11.86,5.23
1003,3 3 5 12,11.66,87.2%,11.76,5.29
1004,1 4 7 7,11.67,85.3%,11.52,4.79
1005,4 8 11 13,11.68,82.4%,10.91,5.32
1006,2 3 5 7,11.71,89.2%,11.8,4.93
1007,3 4 8 12,11.71,87.5%,11.58,5.57
1008,3 6 7 13,11.71,82.4%,10.98,6.05
1009,8 9 9 12,11.73,82.6%,11.11,4.8
1010,1 3 4 8,11.74,89.6%,11.94,4.82
1011,1 3 7 12,11.79,85.5%,11.22,5.07
1012,3 7 9 11,11.8,88.4%,11.94,4.9
1013,1 5 7 9,11.81,84.9%,11.35,4.97
1014,7 8 10 10,11.81,79.2%,11.02,5.21
1015,3 3 5 13,11.86,85.2%,11.62,4.85
1016,3 7 8 11,11.9,83.4%,11.54,5.97
1017,4 5 6 13,11.9,78.2%,10.47,5.17
1018,2 5 6 6,11.91,78.2%,10.43,6.03
1019,6 8 9 12,11.95,86.5%,11.88,5.13
1020,3 4 6 9,11.96,82.7%,11.32,5.8
1021,3 5 7 9,11.98,86%,11.72,5
1022,3 5 10 13,11.98,82.4%,11.2,5.45
1023,4 5 5 10,12,81.2%,11.12,4.47
1024,4 6 7 12,12,81.3%,11.52,5.67
1025,1 3 7 7,12.01,85.3%,11.74,4.81
1026,2 5 8 10,12.03,82.7%,11.2,4.93
1027,2 7 9 11,12.03,83.6%,11.61,5.5
1028,6 7 9 9,12.06,80.6%,11.24,6.14
1029,1 4 8 9,12.07,89%,12.16,5.21
1030,2 6 10 13,12.07,84.7%,11.68,5.62
1031,5 5 8 12,12.09,79.4%,11.08,5.11
1032,4 8 8 10,12.13,85.7%,11.94,5.6
1033,3 5 6 10,12.15,85.8%,11.86,5.63
1034,1 2 7 12,12.16,77.1%,10.24,5.9
1035,4 6 8 13,12.16,80.4%,11.2,5.26
1036,1 3 3 6,12.18,87.2%,12.17,5.29
1037,3 7 9 12,12.18,85.5%,11.98,5.7
1038,4 6 6 12,12.19,86%,12,6.07
1039,2 3 7 13,12.2,86.3%,12,5.43
1040,2 3 5 13,12.25,85.7%,12.12,5.44
1041,1 5 8 11,12.26,89.4%,12.62,5.59
1042,5 8 10 12,12.28,84.2%,11.56,5.32
1043,7 8 9 10,12.33,79.7%,11.27,5.5
1044,2 5 5 7,12.34,82%,11.78,5
1045,2 5 7 13,12.35,84%,12.07,5.81
1046,4 8 9 13,12.38,82%,11.39,6.27
1047,2 4 4 10,12.43,90%,12.72,5.31
1048,3 3 3 11,12.44,78.6%,11.14,5.62
1049,2 9 11 13,12.52,82.1%,11.82,5.69
1050,2 5 11 12,12.53,77.3%,10.88,5.66
1051,6 9 9 12,12.53,86.8%,12.41,5.83
1052,3 4 8 9,12.54,88.2%,12.58,5.17
1053,2 4 4 5,12.58,81.6%,11.64,5.35
1054,2 5 7 11,12.61,82.2%,12,5.95
1055,7 9 10 11,12.63,77.3%,11.17,5.47
1056,4 4 6 10,12.66,88%,12.65,5.29
1057,2 3 6 12,12.68,91.3%,13.09,5.34
1058,7 10 10 12,12.68,77.8%,11.54,5.49
1059,4 9 10 11,12.76,76.7%,10.97,5.86
1060,1 4 5 7,12.81,87.9%,12.75,5.34
1061,2 6 6 7,12.83,78.4%,11.18,5.88
1062,3 3 3 4,12.85,82.1%,11.83,5.97
1063,3 4 9 9,12.86,84.6%,12.52,5.25
1064,1 4 7 9,12.88,82%,12.06,5.15
1065,3 3 6 8,12.93,74.4%,10.76,5.87
1066,4 8 12 12,12.93,85.7%,12.33,5.97
1067,4 6 9 13,12.94,85.5%,12.87,5.31
1068,4 4 6 9,12.95,76.8%,11.02,5.86
1069,4 4 7 8,12.95,83.9%,12.64,5.76
1070,7 7 9 10,12.97,75.8%,11.5,5.27
1071,4 10 11 13,13.02,75.7%,10.96,5.9
1072,3 5 6 11,13.05,82.6%,12.42,6.82
1073,2 4 5 7,13.07,78%,11.54,5.72
1074,3 5 11 12,13.1,79.8%,11.71,5.82
1075,6 9 10 12,13.13,80.2%,11.88,6.2
1076,2 5 10 13,13.14,82.2%,12.65,6.05
1077,1 4 5 9,13.23,82.1%,12.33,6.75
1078,2 4 8 13,13.25,82.1%,12.4,6.01
1079,3 3 9 13,13.25,74.1%,10.99,6.2
1080,2 3 3 3,13.26,82.2%,12.19,6.03
1081,1 5 8 13,13.33,80%,11.93,6.12
1082,3 3 5 10,13.34,83.1%,12.37,5.42
1083,4 7 10 12,13.36,79.2%,11.83,5.78
1084,2 3 5 10,13.45,80.2%,12.15,5.4
1085,5 6 10 12,13.45,75.8%,11.49,5.8
1086,5 7 7 9,13.47,73.7%,11.43,5.28
1087,2 3 8 8,13.49,79.9%,12.25,6.01
1088,2 2 2 7,13.5,72.8%,10.3,6.21
1089,3 5 6 13,13.52,76.2%,11.76,5.83
1090,3 5 7 8,13.52,85.6%,13.21,6.11
1091,4 4 6 8,13.52,83.2%,12.74,6.94
1092,5 7 11 13,13.53,70.8%,10.39,5.51
1093,1 4 6 6,13.55,80.1%,12.22,6.5
1094,4 5 8 13,13.55,77.8%,11.94,6.17
1095,5 7 10 10,13.68,77.2%,12.46,5.5
1096,4 4 5 12,13.69,79%,12.11,6.39
1097,5 5 7 10,13.71,74.1%,11.78,5.2
1098,5 9 10 13,13.76,78.1%,12.06,6.08
1099,7 10 11 13,13.78,73.9%,11.39,5.99
1100,1 4 5 8,13.8,82.2%,12.93,5.93
1101,1 5 6 11,13.81,80.5%,12.42,6.7
1102,6 9 11 12,13.83,75%,11.43,6.18
1103,2 7 10 11,13.86,78.7%,12.67,6.29
1104,6 9 11 13,13.86,72%,10.79,6.37
1105,2 8 10 13,13.87,80.9%,13.05,6.27
1106,4 10 10 12,13.92,77.7%,12.38,6.4
1107,1 1 6 9,14.03,80.6%,12.04,6.79
1108,6 8 11 12,14.05,77.8%,12.58,5.81
1109,6 7 7 10,14.08,72.2%,11.24,5.54
1110,2 2 2 9,14.11,75.7%,11.47,6.59
1111,1 3 6 10,14.23,82%,12.64,7
1112,3 3 9 11,14.3,79.6%,13.32,5.83
1113,2 3 7 8,14.31,80.4%,13.17,5.79
1114,3 8 9 11,14.32,79.7%,13.13,7.09
1115,4 5 8 10,14.35,75.5%,11.88,6.11
1116,2 3 8 9,14.37,80.8%,13.22,6.46
1117,2 4 7 9,14.38,80.4%,13.45,6.38
1118,6 12 12 12,14.38,76%,12.07,6.95
1119,2 10 12 13,14.5,81.4%,13.6,6.3
1120,3 5 5 11,14.51,79.8%,13.42,5.64
1121,2 2 5 9,14.53,73.9%,12.16,6.48
1122,3 3 8 10,14.53,81.4%,13.82,5.73
1123,2 4 9 10,14.54,79.3%,13.32,6.08
1124,3 5 9 9,14.57,78.8%,13.36,6.29
1125,1 3 7 9,14.58,80.2%,13.05,5.68
1126,3 5 12 12,14.61,67.9%,9.99,5.98
1127,5 7 9 11,14.72,70.6%,11.25,5.95
1128,4 6 9 12,14.9,77.2%,12.84,7
1129,6 7 10 10,14.95,70.2%,11.22,6.21
1130,1 3 5 6,14.96,86.7%,14.63,6.01
1131,2 5 9 10,14.96,78%,13.46,6.37
1132,5 5 9 11,14.98,71.4%,12.54,5.39
1133,2 2 3 4,15.01,77.2%,13.13,6.06
1134,3 4 4 10,15.04,76.7%,12.51,6.9
1135,2 6 12 13,15.09,78.6%,13.78,6.1
1136,2 6 9 12,15.1,82.9%,14.11,6.7
1137,5 6 6 12,15.15,80.9%,13.96,6.35
1138,3 3 4 13,15.16,76.4%,12.76,7.08
1139,5 9 9 12,15.17,75.9%,13.5,6.89
1140,3 4 7 12,15.19,82.9%,14.54,6.46
1141,3 4 10 10,15.21,75.4%,13.28,6.3
1142,4 4 4 10,15.24,76.6%,13.02,6.5
1143,3 6 8 13,15.27,81.8%,14.73,6.46
1144,3 4 4 11,15.34,76.1%,13.15,6.66
1145,6 10 10 13,15.4,68.9%,11.44,6.42
1146,1 5 11 12,15.47,71.2%,11.73,6.23
1147,2 2 5 10,15.49,78.2%,13.92,6.04
1148,3 6 8 12,15.49,80.3%,14.11,6.22
1149,3 3 9 10,15.55,77.7%,13.99,6.4
1150,3 6 6 13,15.58,72.6%,12.51,6.77
1151,3 6 11 13,15.59,72.6%,11.84,7
1152,2 5 9 11,15.64,76.5%,13.67,7.23
1153,2 2 7 7,15.7,69.7%,11.73,6.18
1154,4 5 8 11,15.74,73%,12.54,7.21
1155,2 4 10 11,15.75,79.6%,14.42,6.59
1156,2 5 8 8,15.8,71.5%,12.2,6.89
1157,5 5 5 12,15.8,67.3%,10.53,6.46
1158,4 7 8 12,15.88,79.1%,14.47,7.01
1159,5 7 8 10,16.01,70.3%,12.64,6.03
1160,1 4 4 6,16.04,79.6%,14.05,6.95
1161,7 9 12 12,16.07,64.1%,9.77,5.79
1162,4 6 8 10,16.14,76.3%,13.37,7.93
1163,5 7 12 12,16.14,65.9%,10.66,6.27
1164,2 5 5 9,16.17,78.5%,14.73,6.1
1165,4 4 5 13,16.23,72.3%,12.58,7.4
1166,2 6 11 12,16.26,77.1%,14.44,6.64
1167,2 3 8 10,16.27,81.9%,15.41,6.73
1168,7 7 7 12,16.4,64.6%,9.4,6.24
1169,5 6 9 13,16.53,68.9%,12.64,6.15
1170,2 6 10 11,16.57,74%,13.81,7.09
1171,4 5 7 13,16.63,72.2%,13.02,6.56
1172,3 3 8 13,16.64,69.1%,11.85,6.47
1173,2 3 6 7,16.7,80.9%,15.38,6.83
1174,1 3 8 10,16.72,71%,12.77,6.8
1175,1 3 12 13,16.74,75.5%,14.15,7.15
1176,5 5 6 8,16.88,78.6%,15.18,6.67
1177,1 5 5 10,16.9,70.7%,12.4,7.41
1178,3 10 11 13,17.14,71%,13.85,6.6
1179,4 9 9 12,17.15,71.1%,13.82,6.77
1180,1 4 10 12,17.18,72.1%,13.14,6.88
1181,2 4 4 9,17.21,73.1%,13.77,7.61
1182,3 9 9 13,17.21,67.5%,12.62,6.36
1183,2 2 6 7,17.25,72.5%,13.63,7.19
1184,2 3 7 7,17.32,76.9%,15.56,6.72
1185,4 7 8 11,17.32,68%,11.43,7.08
1186,6 8 9 10,17.33,71.1%,13.38,7.48
1187,1 3 11 12,17.35,75.7%,14.81,7.51
1188,2 6 6 9,17.49,72.4%,13.73,6.89
1189,6 6 9 10,17.53,70.3%,13.87,7.18
1190,6 10 11 12,17.62,69.2%,13.62,6.63
1191,2 3 7 10,17.64,77.1%,15.4,7.03
1192,2 7 10 10,17.74,67.9%,13.96,6.07
1193,6 6 6 10,17.8,65.7%,11.88,6.7
1194,2 2 9 12,17.95,72.9%,15.43,6.7
1195,10 12 12 12,17.98,64.1%,10.76,6.08
1196,5 7 7 10,18.07,67.9%,13.81,6.95
1197,8 8 8 11,18.2,63.1%,10.85,6.35
1198,3 5 8 9,18.28,75.7%,16.28,7.77
1199,3 8 9 13,18.43,74%,15.96,7.45
1200,2 8 10 12,18.46,80.3%,17.03,7.82
1201,2 6 8 9,18.49,73.1%,15.64,6.78
1202,3 5 7 12,18.51,71.2%,14.73,8.1
1203,2 6 9 10,18.75,69.6%,14.97,6.81
1204,3 9 9 11,18.75,69.7%,14.35,7.79
1205,3 5 12 13,18.76,68.4%,14.77,6.66
1206,4 5 6 9,18.84,75.6%,16.91,7.21
1207,3 4 8 13,18.96,69.8%,14.29,8.17
1208,3 6 8 10,18.96,65.8%,12.54,7.19
1209,8 10 12 13,18.99,67.4%,14.74,6.55
1210,9 9 9 12,19.36,63.1%,10.35,7.05
1211,2 6 7 10,19.37,69.8%,13.66,7.61
1212,2 2 9 10,19.5,65.5%,14.59,7.49
1213,2 7 10 12,19.59,70.6%,16.13,7.14
1214,2 4 7 8,19.66,76.1%,17.29,7.51
1215,1 3 3 8,19.79,73.9%,16.15,7.92
1216,4 8 9 12,19.85,72.6%,16.99,7.21
1217,2 3 10 10,19.99,68.7%,14.87,7.66
1218,2 2 4 4,20.38,71.5%,15.57,8.44
1219,2 3 11 11,20.46,67.9%,15.49,7.84
1220,3 5 9 10,20.47,67.9%,15.22,8.08
1221,6 8 8 9,20.55,62.8%,12.15,7.35
1222,8 10 12 12,20.55,63.4%,11.9,7.62
1223,2 2 4 12,20.66,75.6%,16.28,9.65
1224,1 5 7 10,20.8,69.8%,16.69,7.91
1225,1 3 8 11,21,73.4%,17.35,8.41
1226,5 9 12 13,21.2,64.5%,16.15,7.38
1227,3 6 9 13,21.24,69.6%,17.56,7.85
1228,3 5 10 11,21.36,68.9%,16.41,8.56
1229,9 11 12 12,21.39,59.2%,11.02,6.56
1230,6 8 10 11,21.4,63.9%,14.39,7.77
1231,7 8 8 10,21.4,61.2%,12.86,8.3
1232,4 4 8 9,21.5,69.7%,17.31,8.54
1233,2 3 9 12,21.65,66.4%,13.79,8.09
1234,2 3 5 8,21.76,73.5%,18.48,8.02
1235,1 2 8 10,21.88,67.4%,15.79,8.18
1236,1 6 10 12,21.94,65.6%,14.8,8.32
1237,3 3 7 8,21.94,69.1%,17.56,8.35
1238,2 7 12 12,22.01,62%,12.92,7.86
1239,2 3 3 5,22.25,69.4%,16.58,8.96
1240,3 5 7 11,22.91,63.9%,15.2,8.37
1241,2 9 10 10,23.02,62%,17.33,7.81
1242,4 5 7 10,23.06,63.5%,15.29,8.41
1243,10 10 10 12,23.18,59.7%,11.16,7.62
1244,5 7 10 13,23.22,61.5%,16.86,7.68
1245,2 4 5 10,23.37,67.8%,17.83,8.49
1246,5 9 11 13,23.49,61.4%,16.86,7.77
1247,2 3 6 8,23.67,75.3%,20.58,8.92
1248,1 5 9 12,24.41,62.7%,14.68,9.03
1249,3 4 5 13,24.58,65.9%,18.63,8.79
1250,4 10 11 12,25.09,63.2%,17.84,9.11
1251,5 7 9 10,25.2,61.5%,16.63,9.3
1252,2 5 10 12,25.64,64.7%,18.57,9
1253,6 6 7 11,25.85,58.2%,13.93,8.67
1254,8 8 9 12,25.97,56.8%,13.13,7.81
1255,2 4 5 5,26.07,59.7%,15.8,8.59
1256,8 9 11 11,26.13,58.4%,16.68,8.89
1257,4 9 10 12,26.14,62.1%,17.63,9.51
1258,5 6 6 9,26.22,59.3%,14.85,9.05
1259,2 2 6 11,26.33,62.1%,19.06,9.03
1260,3 4 4 4,26.45,67%,19.09,10.61
1261,2 2 5 8,26.55,63.1%,17.2,9.33
1262,5 6 7 9,26.92,60.2%,16.65,9.39
1263,3 4 7 8,27.12,60.3%,15.38,8.89
1264,4 7 8 10,27.43,62.3%,19.39,9.47
1265,3 5 10 10,27.65,53.9%,13.53,7.55
1266,3 9 11 13,28.07,56.9%,14.56,8.8
1267,2 3 13 13,28.12,58.5%,18.48,9.94
1268,3 4 5 11,28.57,63.7%,21.03,10.14
1269,4 10 10 11,29.05,54.6%,19.84,9.36
1270,1 4 9 13,29.07,61%,19.69,10.53
1271,1 7 12 13,29.09,55.7%,15.71,9.57
1272,2 6 9 9,29.56,57.5%,15.62,9.24
1273,3 3 6 6,30.58,57.3%,15.03,9.1
1274,6 6 9 13,31.07,53.7%,14.12,9.06
1275,2 3 7 9,31.21,58.2%,18.8,10.47
1276,4 5 9 12,31.4,60%,23.36,10.97
1277,4 4 7 13,31.61,53.7%,15.57,9.62
1278,2 5 12 13,31.66,58.2%,22.46,10.08
1279,2 2 7 10,32.87,53.2%,17.3,9.56
1280,1 4 6 10,33.87,55.6%,20.1,10.18
1281,3 6 7 10,33.87,57.5%,22.75,10.95
1282,1 2 7 7,34.5,54.6%,18.15,10.74
1283,2 5 8 12,34.7,54.6%,18.62,10.36
1284,3 8 10 12,35.54,53.8%,21.22,11.06
1285,6 7 11 11,35.84,47.1%,20.55,10.47
1286,2 5 7 9,35.86,53.2%,24.07,10.64
1287,2 4 7 7,35.92,51.2%,17.8,9.8
1288,2 2 3 10,36.17,54.6%,18.73,10.75
1289,4 7 9 11,37.33,52.3%,23.35,11.48
1290,7 9 11 12,37.72,50.1%,18.7,11
1291,2 2 6 9,38.45,51.5%,19.11,10.89
1292,5 5 8 11,39.63,46.8%,25.01,11.4
1293,2 2 3 5,40.37,51%,16.11,9.44
1294,3 6 6 10,40.63,50.1%,19.3,11.17
1295,1 5 11 11,43.04,43.5%,17.24,10.51
1296,7 8 9 12,43.05,48.2%,16.81,10.34
1297,5 10 10 11,44.72,41.6%,15.54,7.64
1298,4 9 11 11,46.7,44.4%,26.17,14.27
1299,1 2 9 11,48.23,44.8%,23.86,13.27
1300,1 7 13 13,48.42,41.2%,15.01,9.29
1301,1 5 5 5,48.64,43.4%,12.59,7.79
1302,5 9 10 11,49.16,42.6%,29.27,14.16
1303,5 10 10 13,49.67,39%,17.55,8.21
1304,6 7 7 11,49.96,42.9%,28.85,15.3
1305,3 3 7 7,51.64,40.6%,13.59,8.27
1306,8 9 10 12,51.75,43.1%,23.1,14.36
1307,3 5 8 13,52.88,42.6%,31.67,14.79
1308,2 5 6 9,54.23,44.5%,28.3,14.14
1309,1 6 11 13,55.57,38.4%,19.78,10.92
1310,1 3 9 10,57.65,41.2%,24.11,13.29
1311,4 4 7 7,57.78,39.2%,15.7,9.07
1312,4 6 6 10,58.5,40%,23.51,13.05
1313,5 7 9 12,59.78,39.7%,18.61,11.95
1314,4 6 7 9,59.86,42.1%,20.49,12.65
1315,4 5 6 12,59.93,44%,22.12,16.14
1316,4 7 11 13,61.48,37.6%,31.9,16.65
1317,4 4 10 10,62.74,39.6%,14.27,9.71
1318,3 5 8 12,63.22,38.6%,28.59,13.88
1319,2 2 11 11,63.59,39.6%,14.16,9.44
1320,5 7 10 11,63.65,36.2%,25.09,14.05
1321,3 4 6 13,63.74,40.2%,21.13,12.28
1322,4 5 6 11,64.1,38%,20.12,11.41
1323,5 8 9 13,64.93,36.3%,34.89,16.78
1324,6 12 12 13,64.93,37.5%,15.92,9.02
1325,6 7 8 12,65.75,40.6%,18.19,13.2
1326,2 4 11 12,66.78,40%,25.12,14.69
1327,7 10 12 13,67.67,37.5%,22.99,13.25
1328,2 2 13 13,68.95,36.6%,15.43,9.44
1329,5 6 8 13,70.86,36%,23.62,12.39
1330,6 11 12 12,71.52,35.7%,16.62,10.01
1331,1 4 7 11,74.51,36%,31.45,17.39
1332,2 2 6 13,74.57,33.5%,31.45,17.06
1333,5 6 9 11,75.77,33.4%,27.15,15.34
1334,6 9 9 10,76.54,32.8%,34.97,19.53
1335,2 7 8 9,76.88,38.7%,19.82,12.36
1336,2 5 7 8,87.16,33.3%,28.92,16.34
1337,4 8 8 13,88.2,29.6%,25.48,15.07
1338,7 8 8 13,88.81,29.7%,27.68,15.93
1339,2 7 7 10,90.16,27.6%,28.27,13.75
1340,5 7 7 11,90.56,27.5%,26.17,13.4
1341,4 8 8 11,92.5,29.7%,24.64,15.06
1342,3 8 8 10,93.37,29.2%,27.45,17.61
1343,5 5 7 11,93.75,26.6%,27.77,14.9
1344,3 3 7 13,96.38,27.2%,33.97,19.79
1345,2 2 10 11,98.41,30.8%,26.65,17.39
1346,9 11 12 13,98.8,29%,22.99,13.76
1347,2 3 8 13,100.15,31.6%,24.72,13.63
1348,1 8 12 12,104.21,29.2%,22.07,13.9
1349,7 8 10 11,104.51,29.9%,26.02,15.8
1350,3 3 5 7,108.12,29.4%,31.08,20.1
1351,2 9 13 13,110.69,25.2%,32.24,19.93
1352,3 7 9 13,111.27,26%,40.49,22.12
1353,2 4 10 10,115.1,26%,30.66,19.86
1354,3 6 6 11,116.34,27.2%,26.76,16.97
1355,2 4 7 12,117.85,27.3%,31.34,18.82
1356,1 6 6 8,121.68,28.3%,23.92,15.32
1357,3 5 7 13,126.36,23.6%,41.19,22.83
1358,3 3 8 8,131.38,30%,16.45,11.41
1359,2 5 5 10,191.22,21.6%,24.43,17.3
1360,1 4 5 6,193.11,28.7%,19.48,12.98
1361,1 3 4 6,209.26,26.6%,20.64,13.16
1362,2 3 5 12,211.03,20.4%,30.98,23.05
