Rank,Puzzles,AMT (s),Solved rate,1-sigma Mean (s),1-sigma STD (s),difficulty_level
1298,4 9 11 11,46.7,44.4,26.17,14.27,very_hard
899,6 8 9 9,10.32,86.3,10.32,4.28,hard
364,1 1 6 12,6.94,90.9,7.5,3.43,medium
375,1 9 10 12,6.97,94.0,7.35,2.83,easy
519,1 2 4 13,7.59,93.8,7.94,2.98,easy
872,2 3 9 13,10.04,87.7,10.28,5.32,hard
27,1 1 2 13,5.18,98.8,5.51,1.79,very_easy
898,5 5 5 9,10.32,87.5,10.07,4.21,hard
49,2 9 9 12,5.36,97.4,5.78,2.02,very_easy
865,1 5 5 11,9.97,87.7,10.09,4.24,hard
1124,3 5 9 9,14.57,78.8,13.36,6.29,very_hard
380,11 11 12 13,6.99,95.2,7.46,2.53,easy
700,2 4 6 6,8.62,94.3,9.32,3.9,easy
294,2 2 2 11,6.61,92.3,6.96,2.79,medium
1142,4 4 4 10,15.24,76.6,13.02,6.5,very_hard
526,1 4 5 5,7.61,95.9,8.1,2.79,easy
1107,1 1 6 9,14.03,80.6,12.04,6.79,hard
92,8 8 11 13,5.63,97.1,6.16,2.3,very_easy
544,3 6 10 12,7.7,93.1,8.24,3.53,easy
448,1 7 10 12,7.27,92.8,7.7,3.12,easy
589,3 12 12 12,7.93,91.2,8.28,3.45,medium
420,2 3 3 13,7.16,94.0,7.71,2.99,easy
1069,4 4 7 8,12.95,83.9,12.64,5.76,hard
763,3 7 10 13,9.02,88.3,9.52,4.81,medium
1134,3 4 4 10,15.04,76.7,12.51,6.9,very_hard
846,3 8 9 12,9.7,90.2,10.11,4.54,medium
676,1 3 4 9,8.39,94.6,8.94,3.85,easy
586,5 8 12 12,7.92,75.3,7.05,3.79,very_hard
738,5 5 9 10,8.87,86.6,9.23,4.42,hard
690,4 7 8 9,8.55,91.9,8.94,3.78,medium
511,4 4 4 7,7.56,91.4,7.96,3.42,medium
562,2 4 5 13,7.79,94.7,8.37,3.35,easy
534,3 3 10 13,7.65,89.2,7.92,3.6,medium
656,3 5 6 6,8.28,92.2,8.81,3.64,medium
158,1 2 6 6,5.98,97.6,6.43,2.22,very_easy
243,2 12 12 12,6.39,98.4,6.77,2.45,very_easy
1062,3 3 3 4,12.85,82.1,11.83,5.97,hard
1345,2 2 10 11,98.41,30.8,26.65,17.39,very_hard
1146,1 5 11 12,15.47,71.2,11.73,6.23,very_hard
1133,2 2 3 4,15.01,77.2,13.13,6.06,very_hard
471,10 12 12 13,7.37,90.1,7.81,3.55,medium
183,1 1 4 4,6.09,94.6,6.39,2.44,easy
357,11 12 12 13,6.9,97.1,7.5,2.71,very_easy
972,3 3 9 12,11.24,87.2,11.28,5.08,hard
369,4 5 7 7,6.94,91.1,7.55,3.62,medium
74,5 5 11 12,5.52,96.5,5.88,1.9,very_easy
148,4 6 10 11,5.93,94.5,6.33,2.41,easy
578,1 4 9 12,7.88,96.2,8.5,3.35,very_easy
950,5 10 12 13,10.89,83.4,10.44,4.52,hard
476,1 3 7 8,7.39,89.5,7.64,3.61,medium
1192,2 7 10 10,17.74,67.9,13.96,6.07,very_hard
123,2 8 9 9,5.8,96.4,6.22,2.13,very_easy
963,2 7 12 13,11.07,80.2,10.18,5.13,hard
1030,2 6 10 13,12.07,84.7,11.68,5.62,hard
529,2 2 7 8,7.62,93.6,7.98,3.03,easy
1317,4 4 10 10,62.74,39.6,14.27,9.71,very_hard
258,3 6 10 11,6.46,96.0,7.12,2.89,very_easy
1093,1 4 6 6,13.55,80.1,12.22,6.5,hard
58,5 6 12 12,5.41,97.2,5.79,1.81,very_easy
584,5 6 10 11,7.9,90.5,8.25,3.57,medium
852,3 4 6 10,9.78,90.0,10.2,4.83,medium
320,9 9 10 13,6.73,91.0,6.94,2.73,medium
967,4 4 8 12,11.16,92.0,11.84,5.21,medium
399,1 2 11 12,7.07,97.0,7.74,3.18,very_easy
678,5 8 9 11,8.41,89.8,8.72,3.82,medium
876,2 3 4 10,10.07,91.9,10.47,4.38,medium
96,4 5 5 6,5.65,97.5,6.08,2.12,very_easy
90,1 3 3 4,5.61,97.6,5.86,1.77,very_easy
1161,7 9 12 12,16.07,64.1,9.77,5.79,very_hard
1349,7 8 10 11,104.51,29.9,26.02,15.8,very_hard
411,4 5 10 10,7.1,91.3,7.5,3.25,medium
153,3 6 7 7,5.96,93.5,6.35,2.43,easy
67,3 4 4 8,5.47,98.4,5.9,1.96,very_easy
140,1 8 10 12,5.92,95.8,6.24,2.19,easy
400,3 6 6 12,7.07,95.5,7.75,2.97,easy
563,2 7 8 8,7.79,92.6,8.16,3.19,medium
1183,2 2 6 7,17.25,72.5,13.63,7.19,very_hard
1260,3 4 4 4,26.45,67.0,19.09,10.61,very_hard
56,1 6 8 12,5.4,97.0,5.79,2.01,very_easy
310,1 5 8 10,6.7,96.5,7.2,2.58,very_easy
417,1 8 8 10,7.14,92.3,7.51,3.03,medium
887,4 5 6 10,10.22,90.4,10.69,4.46,medium
330,6 8 10 12,6.77,97.4,7.34,2.8,very_easy
1118,6 12 12 12,14.38,76.0,12.07,6.95,very_hard
192,2 11 12 12,6.13,95.6,6.55,2.27,easy
539,3 5 6 12,7.67,93.4,8.19,3.29,easy
449,2 7 7 13,7.27,86.2,7.38,3.13,hard
1125,1 3 7 9,14.58,80.2,13.05,5.68,hard
1289,4 7 9 11,37.33,52.3,23.35,11.48,very_hard
606,2 2 3 3,8.01,93.3,8.36,3.24,easy
985,4 4 7 10,11.42,74.9,9.33,4.66,very_hard
764,1 1 3 10,9.04,88.4,9.06,3.92,medium
503,6 8 13 13,7.5,93.4,7.95,3.13,easy
1084,2 3 5 10,13.45,80.2,12.15,5.4,hard
430,3 7 12 13,7.2,93.9,7.69,3.1,easy
167,3 7 10 10,6.01,97.3,6.41,2.22,very_easy
286,1 3 5 8,6.59,95.3,7.28,2.98,easy
652,1 6 11 12,8.27,88.9,8.29,2.95,medium
328,2 5 6 11,6.76,96.3,7.26,2.64,very_easy
1088,2 2 2 7,13.5,72.8,10.3,6.21,very_hard
826,5 6 7 12,9.52,84.6,9.48,4.44,hard
1072,3 5 6 11,13.05,82.6,12.42,6.82,hard
929,1 4 4 8,10.59,89.8,10.78,5.55,medium
1292,5 5 8 11,39.63,46.8,25.01,11.4,very_hard
1344,3 3 7 13,96.38,27.2,33.97,19.79,very_hard
871,5 6 9 12,10.02,87.2,10.08,4.43,hard
1220,3 5 9 10,20.47,67.9,15.22,8.08,very_hard
51,8 8 12 12,5.37,98.6,5.81,1.95,very_easy
1304,6 7 7 11,49.96,42.9,28.85,15.3,very_hard
410,1 3 7 13,7.1,96.9,7.5,2.64,very_easy
33,1 1 11 13,5.22,99.1,5.64,1.81,very_easy
35,4 5 12 12,5.25,97.1,5.61,1.79,very_easy
1039,2 3 7 13,12.2,86.3,12.0,5.43,hard
1258,5 6 6 9,26.22,59.3,14.85,9.05,very_hard
654,8 11 12 12,8.27,77.3,7.59,3.85,very_hard
849,4 5 5 7,9.75,82.5,9.26,4.37,hard
105,1 7 9 12,5.71,96.2,6.11,2.22,very_easy
262,10 10 10 13,6.47,93.1,6.91,3.01,easy
434,5 6 11 11,7.21,87.1,7.47,3.36,hard
987,5 5 8 13,11.43,81.0,10.87,4.64,hard
860,3 3 7 9,9.88,90.9,10.1,3.83,medium
83,2 3 12 12,5.57,97.4,5.95,1.96,very_easy
809,1 5 10 13,9.35,88.8,9.35,3.49,medium
1273,3 3 6 6,30.58,57.3,15.03,9.1,very_hard
750,3 10 11 12,8.96,89.3,9.13,3.72,medium
213,5 5 11 13,6.22,96.3,6.87,2.62,very_easy
542,2 8 12 13,7.69,89.8,7.96,3.56,medium
382,5 6 13 13,7.0,87.2,7.09,2.81,hard
465,2 6 7 9,7.34,96.1,7.85,3.01,very_easy
535,3 5 5 7,7.66,90.1,7.88,3.19,medium
736,4 6 10 12,8.86,93.9,9.41,4.06,easy
1267,2 3 13 13,28.12,58.5,18.48,9.94,very_hard
1155,2 4 10 11,15.75,79.6,14.42,6.59,hard
139,1 4 8 12,5.92,97.6,6.31,2.2,very_easy
558,2 4 4 13,7.77,85.5,7.87,3.55,hard
279,2 4 5 12,6.57,94.7,7.01,2.84,easy
1352,3 7 9 13,111.27,26.0,40.49,22.12,very_hard
1321,3 4 6 13,63.74,40.2,21.13,12.28,very_hard
130,3 8 12 13,5.85,96.1,6.22,2.19,very_easy
1328,2 2 13 13,68.95,36.6,15.43,9.44,very_hard
1143,3 6 8 13,15.27,81.8,14.73,6.46,hard
1224,1 5 7 10,20.8,69.8,16.69,7.91,very_hard
1263,3 4 7 8,27.12,60.3,15.38,8.89,very_hard
580,1 4 8 11,7.89,95.7,8.34,2.89,easy
334,1 4 8 13,6.8,97.4,7.18,2.48,very_easy
368,3 8 8 9,6.94,95.8,7.3,2.54,easy
979,5 8 8 8,11.38,80.9,10.9,5.45,hard
782,1 2 4 9,9.14,91.0,9.58,4.04,medium
507,5 8 8 10,7.54,91.6,7.99,3.44,medium
1032,4 8 8 10,12.13,85.7,11.94,5.6,hard
692,1 6 12 13,8.58,89.3,8.66,3.34,medium
556,1 3 5 11,7.77,93.0,8.12,2.88,easy
1325,6 7 8 12,65.75,40.6,18.19,13.2,very_hard
743,7 8 8 11,8.91,80.9,8.38,4.53,hard
359,7 8 12 13,6.91,96.7,7.4,2.63,very_easy
924,6 6 7 12,10.54,84.2,10.28,4.82,hard
371,8 9 10 13,6.95,96.0,7.47,2.7,very_easy
62,11 12 12 12,5.44,97.9,5.77,1.88,very_easy
233,9 9 12 13,6.33,94.0,6.69,2.24,easy
755,6 6 8 11,8.98,83.0,8.7,4.55,hard
65,2 3 3 12,5.47,98.6,5.95,2.06,very_easy
133,2 10 10 12,5.87,97.2,6.28,2.3,very_easy
188,2 2 11 12,6.12,92.5,6.52,2.55,medium
681,5 8 11 13,8.45,88.6,8.58,3.53,medium
1250,4 10 11 12,25.09,63.2,17.84,9.11,very_hard
775,3 5 6 9,9.09,92.8,9.51,3.75,easy
241,7 9 11 11,6.37,95.7,6.85,2.67,easy
608,6 6 9 12,8.01,91.8,8.27,3.38,medium
349,4 8 8 8,6.87,94.5,7.26,2.79,easy
611,8 10 13 13,8.02,92.5,8.4,3.34,medium
632,2 8 8 9,8.16,90.4,8.51,3.45,medium
776,5 5 6 7,9.09,91.0,9.51,4.08,medium
728,1 3 9 13,8.79,93.9,9.43,4.17,easy
886,1 3 3 11,10.21,88.3,10.21,4.76,medium
274,8 8 8 10,6.53,90.3,6.84,2.94,medium
388,6 8 11 11,7.02,94.1,7.55,3.11,easy
689,2 8 8 11,8.54,84.0,8.24,3.61,hard
796,5 10 10 12,9.25,87.0,9.19,3.62,hard
664,1 5 9 10,8.33,93.1,8.82,3.87,easy
439,1 5 6 9,7.24,92.1,7.73,3.58,medium
1112,3 3 9 11,14.3,79.6,13.32,5.83,hard
1097,5 5 7 10,13.71,74.1,11.78,5.2,very_hard
734,1 4 6 7,8.83,87.2,9.06,4.68,hard
538,1 8 9 13,7.67,91.6,8.14,3.67,medium
784,4 4 8 13,9.14,86.6,9.05,4.33,hard
248,1 4 4 5,6.41,96.7,6.97,2.75,very_easy
240,2 7 8 12,6.37,95.2,6.84,2.61,easy
893,1 5 10 11,10.3,86.4,10.1,3.74,hard
581,2 2 9 11,7.89,91.6,8.19,3.26,medium
1237,3 3 7 8,21.94,69.1,17.56,8.35,very_hard
598,3 5 8 11,7.96,89.5,8.22,3.51,medium
1041,1 5 8 11,12.26,89.4,12.62,5.59,medium
1002,2 2 8 9,11.65,86.9,11.86,5.23,hard
628,2 3 4 8,8.13,92.8,8.89,4.11,easy
1162,4 6 8 10,16.14,76.3,13.37,7.93,very_hard
409,1 2 6 7,7.1,95.5,7.48,2.61,easy
1071,4 10 11 13,13.02,75.7,10.96,5.9,very_hard
164,1 1 3 13,6.01,95.3,6.37,2.12,easy
281,1 3 3 5,6.58,95.2,6.9,2.52,easy
1108,6 8 11 12,14.05,77.8,12.58,5.81,very_hard
469,1 7 9 13,7.36,93.9,7.64,2.62,easy
494,2 4 10 12,7.45,96.6,8.1,3.23,very_easy
13,1 1 12 12,5.0,99.3,5.37,1.63,very_easy
197,1 7 8 8,6.16,96.6,6.67,2.66,very_easy
1282,1 2 7 7,34.5,54.6,18.15,10.74,very_hard
1222,8 10 12 12,20.55,63.4,11.9,7.62,very_hard
239,4 8 9 9,6.36,90.7,6.58,2.38,medium
346,8 9 11 12,6.86,95.2,7.54,3.11,easy
445,8 8 9 11,7.25,89.4,7.79,3.79,medium
892,2 6 12 12,10.27,89.2,10.67,5.14,medium
1347,2 3 8 13,100.15,31.6,24.72,13.63,very_hard
259,1 1 3 11,6.47,94.7,6.72,2.01,easy
454,3 8 8 12,7.29,91.6,7.77,3.18,medium
275,2 8 10 11,6.55,95.0,7.07,2.71,easy
344,2 3 12 13,6.85,95.9,7.35,2.64,easy
720,3 6 7 12,8.72,90.3,9.0,3.89,medium
1261,2 2 5 8,26.55,63.1,17.2,9.33,very_hard
570,2 6 8 11,7.82,93.5,8.29,3.45,easy
1334,6 9 9 10,76.54,32.8,34.97,19.53,very_hard
255,2 5 6 12,6.44,95.4,6.85,2.55,easy
178,1 5 8 12,6.05,98.3,6.5,2.2,very_easy
71,7 7 11 12,5.49,93.7,5.83,2.13,easy
667,5 6 9 10,8.36,90.8,8.87,3.84,medium
800,2 8 8 10,9.27,92.8,9.51,3.81,easy
453,2 8 8 8,7.28,93.8,7.85,3.39,easy
1320,5 7 10 11,63.65,36.2,25.09,14.05,very_hard
1293,2 2 3 5,40.37,51.0,16.11,9.44,very_hard
747,3 9 9 10,8.94,86.6,8.91,3.86,hard
217,1 2 13 13,6.25,97.3,6.95,2.68,very_easy
187,1 1 6 6,6.11,97.4,6.55,2.22,very_easy
392,2 4 5 8,7.04,95.2,7.45,2.82,easy
333,1 1 2 9,6.79,95.0,7.12,2.32,easy
50,3 8 13 13,5.37,95.1,5.76,2.1,easy
964,2 2 5 12,11.15,84.4,10.87,5.24,hard
1178,3 10 11 13,17.14,71.0,13.85,6.6,very_hard
1295,1 5 11 11,43.04,43.5,17.24,10.51,very_hard
283,1 7 8 12,6.58,95.6,7.03,2.68,easy
77,1 8 9 12,5.55,96.4,5.88,1.97,very_easy
766,1 5 5 9,9.05,88.6,9.17,3.7,medium
441,5 5 11 11,7.24,85.8,7.48,3.48,hard
807,2 2 5 11,9.34,87.7,9.66,4.56,hard
1176,5 5 6 8,16.88,78.6,15.18,6.67,very_hard
1360,1 4 5 6,193.11,28.7,19.48,12.98,very_hard
1049,2 9 11 13,12.52,82.1,11.82,5.69,hard
116,1 7 7 10,5.76,98.1,6.19,2.13,very_easy
300,1 3 3 9,6.65,96.8,7.29,2.87,very_easy
265,12 13 13 13,6.49,94.7,6.85,2.43,easy
111,3 6 11 11,5.74,94.6,6.03,2.09,easy
229,1 5 10 10,6.29,97.4,6.68,2.3,very_easy
744,3 4 7 7,8.92,94.2,9.56,3.85,easy
777,1 2 4 5,9.1,90.6,9.45,4.22,medium
412,2 6 7 13,7.11,96.7,7.52,2.7,very_easy
44,11 11 11 12,5.32,95.0,5.61,1.98,easy
36,4 6 13 13,5.26,98.8,5.67,1.8,very_easy
214,1 2 3 8,6.23,97.0,6.68,2.42,very_easy
474,7 9 10 12,7.38,94.1,7.95,3.25,easy
1135,2 6 12 13,15.09,78.6,13.78,6.1,very_hard
425,1 3 9 11,7.18,95.1,7.68,3.09,easy
837,3 3 6 9,9.61,94.4,10.27,4.03,easy
490,1 11 12 13,7.44,94.3,7.87,3.18,easy
365,1 3 4 4,6.94,93.5,7.3,3.11,easy
1113,2 3 7 8,14.31,80.4,13.17,5.79,hard
727,1 2 3 11,8.77,95.7,9.12,3.4,easy
408,6 8 8 8,7.09,88.1,7.54,3.57,hard
338,1 2 5 7,6.84,95.3,7.17,2.63,easy
759,2 3 7 11,9.0,92.2,9.35,4.29,medium
868,4 9 9 10,10.0,89.9,10.26,4.16,medium
1099,7 10 11 13,13.78,73.9,11.39,5.99,very_hard
653,3 5 8 8,8.27,92.3,8.73,3.95,medium
594,3 9 10 10,7.95,84.9,7.87,3.54,hard
645,4 10 12 12,8.23,92.2,8.68,3.49,medium
1098,5 9 10 13,13.76,78.1,12.06,6.08,very_hard
269,1 2 4 6,6.51,96.0,6.92,2.55,very_easy
559,1 2 2 5,7.78,94.6,8.07,2.85,easy
1305,3 3 7 7,51.64,40.6,13.59,8.27,very_hard
1060,1 4 5 7,12.81,87.9,12.75,5.34,hard
459,5 5 7 8,7.32,92.7,7.81,3.01,easy
874,2 4 6 13,10.06,87.1,10.27,5.1,hard
107,1 1 10 13,5.72,98.0,6.14,2.19,very_easy
980,7 7 8 11,11.38,80.0,10.37,4.67,hard
1008,3 6 7 13,11.71,82.4,10.98,6.05,hard
574,1 2 9 12,7.85,92.8,8.43,3.84,easy
1027,2 7 9 11,12.03,83.6,11.61,5.5,hard
774,6 8 12 12,9.08,91.4,9.7,4.29,medium
677,6 6 7 9,8.39,90.7,8.79,3.76,medium
232,1 10 12 12,6.31,95.9,6.89,2.91,easy
1286,2 5 7 9,35.86,53.2,24.07,10.64,very_hard
1105,2 8 10 13,13.87,80.9,13.05,6.27,hard
155,6 6 10 13,5.96,93.8,6.49,2.71,easy
68,1 1 3 7,5.48,97.1,5.81,1.93,very_easy
296,3 7 7 12,6.63,90.2,6.8,2.6,medium
1001,1 6 7 9,11.64,84.3,11.35,4.67,hard
1241,2 9 10 10,23.02,62.0,17.33,7.81,very_hard
988,3 9 10 13,11.44,82.7,11.42,6.59,hard
1231,7 8 8 10,21.4,61.2,12.86,8.3,very_hard
226,3 11 11 12,6.28,91.4,6.52,2.23,medium
1095,5 7 10 10,13.68,77.2,12.46,5.5,very_hard
1096,4 4 5 12,13.69,79.0,12.11,6.39,very_hard
619,3 12 12 13,8.07,92.5,8.45,3.31,medium
897,3 4 4 13,10.32,88.8,10.39,4.34,medium
1138,3 3 4 13,15.16,76.4,12.76,7.08,very_hard
457,3 5 13 13,7.32,94.1,7.81,3.12,easy
98,5 5 7 7,5.66,97.9,6.01,1.93,very_easy
168,4 6 10 10,6.01,96.7,6.39,2.38,very_easy
1004,1 4 7 7,11.67,85.3,11.52,4.79,hard
498,2 3 7 12,7.47,94.8,7.91,3.05,easy
1140,3 4 7 12,15.19,82.9,14.54,6.46,hard
1073,2 4 5 7,13.07,78.0,11.54,5.72,very_hard
146,3 8 10 11,5.93,94.6,6.31,2.35,easy
573,8 9 11 13,7.84,90.5,8.29,3.78,medium
468,9 12 12 12,7.35,81.7,7.21,3.72,hard
1078,2 4 8 13,13.25,82.1,12.4,6.01,hard
641,2 5 6 7,8.23,92.5,8.67,3.67,medium
185,3 8 12 12,6.1,96.7,6.54,2.47,very_easy
249,1 5 8 9,6.42,94.3,6.92,2.73,easy
1061,2 6 6 7,12.83,78.4,11.18,5.88,very_hard
189,3 3 4 8,6.12,96.4,6.46,2.14,very_easy
906,2 4 8 9,10.38,83.6,10.03,4.56,hard
861,3 5 9 13,9.91,91.4,10.25,4.2,medium
643,4 7 9 12,8.23,94.7,8.72,3.31,easy
186,5 6 12 13,6.1,97.5,6.52,2.18,very_easy
604,3 6 7 9,8.0,93.2,8.49,3.58,easy
1003,3 3 5 12,11.66,87.2,11.76,5.29,hard
426,4 6 6 8,7.18,97.3,7.66,2.64,very_easy
304,3 7 13 13,6.67,87.5,6.79,2.79,hard
179,3 4 12 12,6.05,94.8,6.53,2.46,easy
326,1 2 5 6,6.76,94.4,7.25,2.81,easy
1020,3 4 6 9,11.96,82.7,11.32,5.8,hard
1236,1 6 10 12,21.94,65.6,14.8,8.32,very_hard
686,3 6 8 9,8.51,93.7,8.9,3.18,easy
835,1 6 9 10,9.61,92.2,9.92,3.85,medium
1204,3 9 9 11,18.75,69.7,14.35,7.79,very_hard
610,4 6 8 9,8.02,93.5,8.52,3.49,easy
674,2 8 9 10,8.38,88.7,8.56,3.86,medium
1011,1 3 7 12,11.79,85.5,11.22,5.07,hard
779,1 5 6 8,9.13,90.5,9.28,3.94,medium
955,3 4 6 8,10.96,90.6,11.42,5.07,medium
836,1 9 11 13,9.61,87.7,9.78,4.2,hard
423,2 9 9 13,7.17,88.7,7.26,2.64,medium
1080,2 3 3 3,13.26,82.2,12.19,6.03,hard
273,3 7 9 9,6.52,90.9,6.95,2.85,medium
418,5 5 6 6,7.14,93.1,7.63,2.91,easy
385,5 6 9 9,7.01,90.8,7.33,2.81,medium
723,2 2 4 13,8.73,91.0,9.22,4.19,medium
323,1 12 12 12,6.75,93.9,6.96,2.58,easy
760,5 7 8 8,9.0,82.6,8.72,4.8,hard
834,3 3 4 9,9.6,92.3,9.9,3.86,medium
1005,4 8 11 13,11.68,82.4,10.91,5.32,hard
464,2 2 3 9,7.34,94.8,7.82,2.88,easy
43,2 7 7 12,5.31,98.8,5.69,1.91,very_easy
34,1 1 11 12,5.25,99.4,5.64,1.76,very_easy
635,10 11 12 13,8.18,96.0,8.82,3.57,very_easy
858,2 7 9 13,9.86,87.4,10.04,4.93,hard
180,10 11 12 12,6.05,96.1,6.36,2.09,very_easy
284,2 8 8 13,6.58,93.0,7.02,2.65,easy
1206,4 5 6 9,18.84,75.6,16.91,7.21,very_hard
510,3 9 11 11,7.56,85.4,7.7,3.41,hard
1318,3 5 8 12,63.22,38.6,28.59,13.88,very_hard
1198,3 5 8 9,18.28,75.7,16.28,7.77,very_hard
1353,2 4 10 10,115.1,26.0,30.66,19.86,very_hard
458,4 7 12 13,7.32,92.2,7.87,3.42,medium
4,1 1 1 8,4.45,98.8,4.66,1.25,very_easy
136,5 6 11 12,5.89,97.2,6.37,2.23,very_easy
1359,2 5 5 10,191.22,21.6,24.43,17.3,very_hard
1171,4 5 7 13,16.63,72.2,13.02,6.56,very_hard
725,3 7 7 13,8.75,93.6,9.08,3.2,easy
975,2 6 7 11,11.3,82.6,10.82,5.3,hard
1007,3 4 8 12,11.71,87.5,11.58,5.57,hard
387,2 5 5 13,7.02,92.3,7.46,2.87,medium
567,3 6 12 12,7.81,93.2,8.37,3.56,easy
292,4 6 11 12,6.6,93.0,7.03,2.97,easy
1018,2 5 6 6,11.91,78.2,10.43,6.03,very_hard
319,1 10 11 12,6.73,94.9,7.13,2.56,easy
1208,3 6 8 10,18.96,65.8,12.54,7.19,very_hard
600,2 2 4 8,7.97,95.8,8.49,3.1,easy
6,1 1 2 12,4.59,99.2,4.93,1.53,very_easy
122,8 9 12 12,5.79,96.3,6.27,2.22,very_easy
870,3 7 8 13,10.02,84.4,9.94,5.13,hard
1058,7 10 10 12,12.68,77.8,11.54,5.49,very_hard
404,3 3 3 7,7.08,92.1,7.52,3.28,medium
1240,3 5 7 11,22.91,63.9,15.2,8.37,very_hard
952,6 7 10 12,10.9,85.2,10.85,4.89,hard
530,2 10 10 13,7.62,89.9,7.83,3.04,medium
673,2 2 6 10,8.38,95.4,8.81,3.08,easy
706,2 9 10 11,8.64,88.8,8.57,3.38,medium
446,1 3 4 5,7.26,97.6,7.74,2.49,very_easy
590,5 6 6 6,7.93,87.5,8.16,3.65,hard
560,1 9 11 11,7.78,90.1,7.97,3.09,medium
847,5 6 8 9,9.72,89.9,10.01,4.43,medium
1355,2 4 7 12,117.85,27.3,31.34,18.82,very_hard
78,1 3 4 12,5.56,98.6,5.99,1.96,very_easy
80,11 11 11 13,5.56,98.4,6.11,2.26,very_easy
930,3 4 5 6,10.6,84.0,10.36,5.26,hard
373,1 3 6 7,6.96,96.4,7.36,2.77,very_easy
15,1 1 5 8,5.02,96.5,5.39,1.83,very_easy
478,5 10 11 11,7.39,90.4,7.68,2.9,medium
862,2 2 4 9,9.94,90.4,10.17,4.45,medium
267,4 5 6 6,6.5,95.4,6.85,2.37,easy
1103,2 7 10 11,13.86,78.7,12.67,6.29,very_hard
1316,4 7 11 13,61.48,37.6,31.9,16.65,very_hard
1219,2 3 11 11,20.46,67.9,15.49,7.84,very_hard
1309,1 6 11 13,55.57,38.4,19.78,10.92,very_hard
854,2 4 5 9,9.81,86.3,9.83,4.75,hard
1288,2 2 3 10,36.17,54.6,18.73,10.75,very_hard
575,4 5 7 8,7.86,95.5,8.32,3.15,easy
566,2 6 11 13,7.81,90.1,8.01,3.43,medium
1057,2 3 6 12,12.68,91.3,13.09,5.34,medium
1269,4 10 10 11,29.05,54.6,19.84,9.36,very_hard
376,4 7 13 13,6.97,87.8,7.25,3.1,hard
671,5 5 8 9,8.37,89.9,8.84,4.0,medium
1175,1 3 12 13,16.74,75.5,14.15,7.15,very_hard
176,4 8 13 13,6.04,94.6,6.3,1.95,easy
1070,7 7 9 10,12.97,75.8,11.5,5.27,very_hard
419,1 8 8 11,7.15,93.5,7.66,3.52,easy
527,2 6 6 6,7.61,96.1,8.13,3.05,very_easy
1245,2 4 5 10,23.37,67.8,17.83,8.49,very_hard
994,2 4 6 8,11.5,93.5,11.87,4.38,easy
3,1 1 11 11,4.41,99.5,4.67,1.42,very_easy
8,1 1 10 12,4.79,99.0,5.04,1.53,very_easy
1187,1 3 11 12,17.35,75.7,14.81,7.51,very_hard
285,3 5 11 11,6.58,94.7,7.13,2.99,easy
1331,1 4 7 11,74.51,36.0,31.45,17.39,very_hard
576,5 6 7 8,7.87,93.8,8.32,3.14,easy
437,1 1 8 8,7.24,89.6,7.71,3.87,medium
765,4 5 5 9,9.04,91.5,9.43,3.93,medium
1324,6 12 12 13,64.93,37.5,15.92,9.02,very_hard
394,4 4 4 12,7.04,96.5,7.5,2.91,very_easy
978,1 3 7 10,11.38,86.4,11.39,5.39,hard
31,4 6 7 7,5.2,98.7,5.55,1.83,very_easy
1311,4 4 7 7,57.78,39.2,15.7,9.07,very_hard
638,4 4 6 12,8.2,94.3,8.93,3.89,easy
999,4 4 5 11,11.6,85.1,11.39,4.81,hard
933,5 8 11 12,10.61,87.1,10.87,4.38,hard
396,8 8 12 13,7.05,92.3,7.37,2.68,medium
1024,4 6 7 12,12.0,81.3,11.52,5.67,hard
778,4 4 9 11,9.1,82.1,8.75,4.72,hard
1262,5 6 7 9,26.92,60.2,16.65,9.39,very_hard
398,4 6 9 10,7.06,94.0,7.55,3.25,easy
1191,2 3 7 10,17.64,77.1,15.4,7.03,very_hard
820,2 3 4 4,9.44,94.3,9.83,3.61,easy
129,1 4 4 12,5.84,95.8,6.32,2.32,easy
246,4 6 12 13,6.4,93.8,6.89,2.92,easy
29,1 2 4 12,5.18,97.7,5.61,2.0,very_easy
360,1 1 3 5,6.92,95.4,7.24,2.32,easy
735,1 2 9 13,8.85,93.2,9.41,4.18,easy
54,12 12 13 13,5.39,98.8,5.81,1.93,very_easy
318,1 1 2 7,6.73,95.5,6.94,2.06,easy
128,9 9 11 13,5.83,96.9,6.4,2.41,very_easy
936,4 5 6 8,10.66,87.3,10.56,4.36,hard
63,1 1 12 13,5.45,98.8,5.84,1.85,very_easy
545,3 7 9 10,7.7,92.0,8.27,3.55,medium
377,9 10 11 12,6.97,96.1,7.51,2.82,very_easy
152,3 6 6 8,5.96,97.1,6.38,2.26,very_easy
663,3 4 9 11,8.31,89.7,8.55,4.06,medium
1235,1 2 8 10,21.88,67.4,15.79,8.18,very_hard
1213,2 7 10 12,19.59,70.6,16.13,7.14,very_hard
85,1 3 10 10,5.58,97.5,5.91,2.0,very_easy
528,4 4 8 8,7.61,95.9,8.22,3.21,easy
757,4 11 12 13,8.99,91.3,9.36,3.89,medium
938,1 3 6 11,10.7,88.0,10.62,4.33,hard
880,6 6 8 8,10.12,86.2,9.93,4.55,hard
593,3 4 12 13,7.95,93.3,8.59,3.77,easy
451,4 5 11 13,7.27,90.7,7.77,3.4,medium
1122,3 3 8 10,14.53,81.4,13.82,5.73,hard
903,3 4 8 11,10.34,87.0,10.28,5.02,hard
1182,3 9 9 13,17.21,67.5,12.62,6.36,very_hard
658,3 6 9 10,8.29,92.5,8.69,3.66,medium
261,3 12 13 13,6.47,91.3,6.67,2.33,medium
591,1 6 9 13,7.94,90.8,8.33,4.05,medium
331,1 9 11 12,6.78,93.8,7.28,3.1,easy
970,2 6 8 13,11.22,86.6,11.11,5.14,hard
1336,2 5 7 8,87.16,33.3,28.92,16.34,very_hard
311,2 8 9 12,6.7,95.3,7.12,2.78,easy
1197,8 8 8 11,18.2,63.1,10.85,6.35,very_hard
989,5 8 10 11,11.44,87.6,11.19,4.88,hard
680,3 4 7 10,8.44,93.3,8.71,3.48,easy
568,4 7 9 10,7.81,91.0,8.34,3.71,medium
714,2 2 3 13,8.68,87.6,8.74,3.73,hard
1157,5 5 5 12,15.8,67.3,10.53,6.46,very_hard
1351,2 9 13 13,110.69,25.2,32.24,19.93,very_hard
627,6 7 8 10,8.11,91.4,8.62,3.65,medium
69,1 3 5 12,5.48,96.6,5.87,2.14,very_easy
595,6 6 10 12,7.95,93.8,8.34,3.18,easy
984,4 10 12 13,11.41,81.5,10.61,5.61,hard
112,3 7 7 7,5.75,97.7,6.09,2.04,very_easy
953,3 4 9 13,10.94,79.1,9.8,5.54,very_hard
1153,2 2 7 7,15.7,69.7,11.73,6.18,very_hard
391,1 11 12 12,7.04,94.4,7.62,3.18,easy
316,5 6 6 7,6.71,97.8,7.17,2.43,very_easy
210,10 13 13 13,6.21,93.5,6.71,2.88,easy
850,3 8 8 11,9.77,90.1,10.0,4.56,medium
818,2 3 3 9,9.43,93.1,9.85,3.81,easy
414,1 2 3 5,7.12,95.5,7.44,2.42,easy
1314,4 6 7 9,59.86,42.1,20.49,12.65,very_hard
536,5 5 10 11,7.66,87.4,8.0,3.74,hard
1249,3 4 5 13,24.58,65.9,18.63,8.79,very_hard
564,3 4 4 9,7.79,90.9,8.33,3.39,medium
1281,3 6 7 10,33.87,57.5,22.75,10.95,very_hard
811,6 8 11 13,9.36,86.2,9.67,4.66,hard
721,4 4 4 11,8.72,86.3,8.9,4.62,hard
297,1 4 7 13,6.64,96.7,7.27,2.92,very_easy
1201,2 6 8 9,18.49,73.1,15.64,6.78,very_hard
1307,3 5 8 13,52.88,42.6,31.67,14.79,very_hard
134,7 7 11 13,5.87,97.7,6.41,2.37,very_easy
440,2 6 10 10,7.24,95.9,7.77,3.05,easy
660,2 4 8 11,8.3,93.0,8.61,3.65,easy
552,1 2 12 13,7.75,96.3,8.49,3.44,very_easy
583,2 4 4 11,7.9,84.6,7.85,3.57,hard
821,5 7 8 9,9.46,88.7,9.68,4.26,medium
737,2 3 5 9,8.87,92.2,9.42,4.31,medium
351,4 4 4 8,6.88,96.4,7.48,2.9,very_easy
579,3 3 4 7,7.88,90.3,8.37,3.63,medium
951,1 7 10 13,10.9,83.5,10.47,4.67,hard
873,4 9 12 12,10.04,89.5,10.45,4.46,medium
1079,3 3 9 13,13.25,74.1,10.99,6.2,very_hard
633,4 8 9 10,8.16,89.1,8.37,3.49,medium
1185,4 7 8 11,17.32,68.0,11.43,7.08,very_hard
299,4 6 12 12,6.64,97.0,7.11,2.47,very_easy
181,1 2 10 12,6.06,97.4,6.56,2.39,very_easy
931,2 2 8 8,10.61,91.2,10.91,4.76,medium
95,2 7 7 8,5.65,96.9,5.99,2.02,very_easy
919,5 5 8 10,10.51,81.0,9.91,4.06,hard
322,4 4 12 13,6.74,92.2,7.12,2.63,medium
1210,9 9 9 12,19.36,63.1,10.35,7.05,very_hard
234,1 2 3 12,6.34,96.2,6.86,2.54,very_easy
76,1 2 5 8,5.54,95.9,5.98,2.25,easy
280,2 11 13 13,6.57,94.2,6.99,2.59,easy
866,4 4 5 7,9.98,85.2,9.64,4.61,hard
383,2 2 12 13,7.01,92.6,7.32,2.66,medium
354,2 6 6 8,6.9,95.7,7.5,3.03,easy
117,2 2 12 12,5.76,98.6,6.26,2.23,very_easy
616,4 5 10 11,8.05,88.1,8.5,4.36,hard
771,1 3 3 10,9.07,90.1,9.22,4.13,medium
942,6 7 8 11,10.76,83.7,10.51,5.19,hard
853,4 5 7 11,9.78,87.0,9.95,5.03,hard
1159,5 7 8 10,16.01,70.3,12.64,6.03,very_hard
1109,6 7 7 10,14.08,72.2,11.24,5.54,very_hard
1228,3 5 10 11,21.36,68.9,16.41,8.56,very_hard
272,10 11 11 13,6.51,94.8,6.93,2.64,easy
1083,4 7 10 12,13.36,79.2,11.83,5.78,very_hard
484,1 12 12 13,7.42,94.4,7.95,3.26,easy
513,2 2 6 6,7.57,96.1,8.1,3.08,very_easy
960,1 2 6 10,11.03,86.7,10.99,4.98,hard
864,6 12 13 13,9.95,87.3,10.0,3.82,hard
278,3 9 9 12,6.56,95.2,7.0,2.63,easy
1333,5 6 9 11,75.77,33.4,27.15,15.34,very_hard
1055,7 9 10 11,12.63,77.3,11.17,5.47,very_hard
79,6 7 12 12,5.56,95.8,5.94,2.02,easy
855,4 7 11 12,9.83,86.1,9.91,4.92,hard
84,3 5 5 8,5.57,97.1,5.96,2.06,very_easy
114,1 5 6 12,5.76,98.6,6.14,2.04,very_easy
473,4 5 5 8,7.38,88.0,7.52,2.99,hard
37,1 6 6 12,5.27,98.8,5.59,1.7,very_easy
982,5 6 6 8,11.39,81.2,10.81,6.06,hard
634,2 4 9 13,8.17,93.9,8.57,3.52,easy
623,3 4 10 12,8.08,92.7,8.48,3.55,easy
981,4 9 10 13,11.39,82.3,10.89,4.84,hard
1209,8 10 12 13,18.99,67.4,14.74,6.55,very_hard
291,4 5 13 13,6.6,87.5,6.79,2.88,hard
91,1 8 8 12,5.63,96.3,5.94,1.91,very_easy
101,3 3 4 6,5.69,97.8,6.13,2.08,very_easy
599,1 4 4 10,7.97,92.2,8.17,3.47,medium
97,4 5 11 12,5.65,97.5,6.07,2.08,very_easy
659,1 3 4 13,8.3,94.5,8.87,3.71,easy
859,6 6 8 12,9.86,90.8,10.17,4.36,medium
801,3 6 12 13,9.28,86.5,9.2,4.47,hard
601,2 6 8 10,7.97,93.5,8.48,3.57,easy
1199,3 8 9 13,18.43,74.0,15.96,7.45,very_hard
1287,2 4 7 7,35.92,51.2,17.8,9.8,very_hard
515,5 10 13 13,7.57,92.7,8.01,2.78,easy
1184,2 3 7 7,17.32,76.9,15.56,6.72,very_hard
761,1 2 6 11,9.01,89.8,9.37,4.3,medium
869,1 5 6 13,10.01,90.5,10.37,4.8,medium
126,4 6 9 9,5.81,96.5,6.23,2.28,very_easy
948,1 2 3 13,10.84,91.5,11.17,4.85,medium
758,2 3 4 13,9.0,91.1,9.39,4.01,medium
73,4 4 12 12,5.5,98.7,5.94,2.04,very_easy
215,10 10 11 12,6.23,93.5,6.61,2.36,easy
928,6 9 12 13,10.56,88.2,10.66,4.4,medium
547,1 3 8 12,7.72,96.8,8.23,2.91,very_easy
424,1 2 2 13,7.18,96.7,7.71,3.11,very_easy
194,1 3 9 12,6.14,96.4,6.57,2.4,very_easy
1268,3 4 5 11,28.57,63.7,21.03,10.14,very_hard
452,4 8 10 12,7.27,95.8,7.83,2.93,easy
145,3 4 11 13,5.93,96.6,6.41,2.38,very_easy
1216,4 8 9 12,19.85,72.6,16.99,7.21,very_hard
93,9 9 11 12,5.63,94.0,5.98,2.14,easy
1342,3 8 8 10,93.37,29.2,27.45,17.61,very_hard
12,2 2 2 12,4.99,99.2,5.35,1.7,very_easy
636,8 10 10 12,8.19,94.4,8.65,3.43,easy
1077,1 4 5 9,13.23,82.1,12.33,6.75,hard
485,3 4 8 10,7.42,93.5,7.77,3.21,easy
679,1 3 12 12,8.42,85.6,8.72,4.78,hard
1167,2 3 8 10,16.27,81.9,15.41,6.73,hard
470,2 3 3 11,7.37,89.7,7.7,3.36,medium
662,1 5 5 13,8.31,93.1,8.5,3.26,easy
1251,5 7 9 10,25.2,61.5,16.63,9.3,very_hard
193,1 1 3 4,6.14,98.1,6.48,2.05,very_easy
920,2 6 8 12,10.52,94.2,11.24,4.54,easy
1254,8 8 9 12,25.97,56.8,13.13,7.81,very_hard
402,2 5 5 8,7.08,88.6,7.29,3.23,medium
266,1 3 6 6,6.5,97.3,7.0,2.62,very_easy
1312,4 6 6 10,58.5,40.0,23.51,13.05,very_hard
940,5 6 7 13,10.72,86.2,10.82,5.54,hard
705,5 6 10 13,8.63,91.1,9.33,4.39,medium
1356,1 6 6 8,121.68,28.3,23.92,15.32,very_hard
9,1 1 1 12,4.81,99.3,5.13,1.59,very_easy
646,2 2 3 7,8.24,88.3,8.54,3.85,medium
1016,3 7 8 11,11.9,83.4,11.54,5.97,hard
405,3 6 9 9,7.08,94.0,7.65,3.29,easy
341,3 3 12 13,6.84,93.4,7.28,2.67,easy
548,2 6 6 13,7.72,84.9,7.68,3.21,hard
993,2 3 4 5,11.5,84.5,11.11,5.57,hard
137,3 6 13 13,5.91,94.5,6.18,1.99,easy
1064,1 4 7 9,12.88,82.0,12.06,5.15,hard
1119,2 10 12 13,14.5,81.4,13.6,6.3,hard
888,6 8 9 11,10.22,84.4,10.14,4.85,hard
752,7 8 10 13,8.96,92.2,9.5,4.17,medium
991,1 5 12 12,11.45,80.6,10.5,5.02,hard
293,1 5 10 12,6.61,92.1,7.04,3.05,medium
965,5 9 12 12,11.15,83.1,10.92,4.84,hard
497,7 8 8 9,7.46,86.3,7.85,3.99,hard
1358,3 3 8 8,131.38,30.0,16.45,11.41,very_hard
1291,2 2 6 9,38.45,51.5,19.11,10.89,very_hard
607,2 2 6 12,8.01,94.1,8.58,3.55,easy
350,7 7 10 13,6.87,90.0,7.19,3.17,medium
438,1 3 4 11,7.24,96.0,7.77,2.95,very_easy
447,2 2 7 13,7.26,96.3,7.68,2.9,very_easy
1179,4 9 9 12,17.15,71.1,13.82,6.77,very_hard
374,4 7 10 11,6.96,97.1,7.55,2.81,very_easy
94,3 7 8 8,5.64,96.3,6.04,2.06,very_easy
199,1 2 3 10,6.17,98.3,6.49,1.98,very_easy
1054,2 5 7 11,12.61,82.2,12.0,5.95,hard
1227,3 6 9 13,21.24,69.6,17.56,7.85,very_hard
717,4 4 7 12,8.68,89.5,8.97,4.18,medium
175,4 5 5 5,6.04,97.6,6.61,2.43,very_easy
900,1 11 11 13,10.33,87.5,10.26,4.3,hard
525,1 2 2 4,7.61,95.8,7.95,2.48,easy
974,2 3 4 9,11.3,88.3,11.34,4.85,medium
196,1 7 7 12,6.15,89.1,6.29,2.35,medium
1264,4 7 8 10,27.43,62.3,19.39,9.47,very_hard
121,4 4 11 12,5.78,92.0,6.12,2.39,medium
992,3 4 6 6,11.45,90.5,11.62,4.73,medium
381,2 6 10 12,7.0,95.4,7.46,2.77,easy
480,1 8 9 11,7.41,92.8,7.71,3.07,easy
1,1 1 4 6,4.36,99.2,4.63,1.45,very_easy
416,8 10 11 11,7.13,95.1,7.55,2.78,easy
1284,3 8 10 12,35.54,53.8,21.22,11.06,very_hard
718,4 5 8 12,8.68,93.5,9.23,3.78,easy
1154,4 5 8 11,15.74,73.0,12.54,7.21,very_hard
882,3 3 6 10,10.15,86.7,10.02,4.34,hard
962,1 6 6 6,11.04,85.9,10.54,5.13,hard
251,1 8 8 9,6.43,96.5,6.95,2.68,very_easy
637,1 3 6 9,8.2,92.8,8.69,3.37,easy
161,1 2 4 4,6.0,97.1,6.35,2.11,very_easy
848,4 7 8 13,9.73,90.8,10.23,4.41,medium
348,4 7 7 7,6.87,88.8,7.08,3.04,medium
109,1 2 2 10,5.73,96.5,6.11,2.16,very_easy
1315,4 5 6 12,59.93,44.0,22.12,16.14,very_hard
287,1 4 6 13,6.59,97.7,7.0,2.35,very_easy
915,3 4 6 11,10.47,89.0,10.68,4.71,medium
543,2 3 5 6,7.7,95.4,8.18,3.01,easy
99,3 3 11 12,5.68,94.7,6.12,2.22,easy
82,2 2 4 6,5.57,99.0,5.92,1.88,very_easy
171,1 7 8 9,6.03,97.3,6.47,2.29,very_easy
270,1 9 12 12,6.51,92.9,6.92,2.78,easy
958,2 3 6 13,10.99,89.8,11.09,4.62,medium
332,6 7 12 13,6.78,95.5,7.29,2.77,easy
1330,6 11 12 12,71.52,35.7,16.62,10.01,very_hard
1248,1 5 9 12,24.41,62.7,14.68,9.03,very_hard
895,2 3 6 9,10.32,93.3,10.81,4.22,easy
1202,3 5 7 12,18.51,71.2,14.73,8.1,very_hard
421,1 7 8 11,7.17,92.7,7.51,3.06,easy
823,1 2 7 9,9.52,93.4,10.02,3.92,easy
1265,3 5 10 10,27.65,53.9,13.53,7.55,very_hard
362,2 4 13 13,6.93,95.9,7.47,2.75,easy
557,1 4 10 11,7.77,95.0,8.25,3.23,easy
230,1 4 8 8,6.3,96.7,6.8,2.51,very_easy
32,1 1 3 6,5.21,97.9,5.56,1.79,very_easy
247,6 6 11 12,6.4,89.3,6.74,2.97,medium
313,1 2 10 13,6.71,97.1,7.21,2.75,very_easy
1087,2 3 8 8,13.49,79.9,12.25,6.01,hard
894,5 5 6 11,10.31,87.2,10.29,4.71,hard
244,3 6 7 8,6.39,97.9,6.81,2.3,very_easy
907,1 4 5 13,10.39,87.9,10.58,4.64,hard
730,6 6 9 11,8.79,88.7,9.14,4.16,medium
257,2 6 6 12,6.46,97.7,7.03,2.6,very_easy
254,1 4 12 12,6.44,91.3,6.7,2.57,medium
1296,7 8 9 12,43.05,48.2,16.81,10.34,very_hard
518,2 10 10 11,7.58,85.1,7.4,3.01,hard
816,2 2 6 8,9.4,95.5,9.82,3.55,easy
86,1 4 7 12,5.59,98.4,6.01,2.04,very_easy
1127,5 7 9 11,14.72,70.6,11.25,5.95,very_hard
572,3 9 12 12,7.84,91.0,8.4,3.61,medium
745,2 8 9 11,8.93,90.8,9.35,3.93,medium
504,1 2 3 7,7.53,96.1,8.23,3.25,very_easy
390,1 2 2 11,7.03,97.2,7.58,2.95,very_easy
227,1 3 11 11,6.29,97.3,6.7,2.43,very_easy
174,2 2 11 13,6.04,98.1,6.61,2.43,very_easy
889,2 4 12 12,10.24,85.9,10.13,4.7,hard
769,1 3 8 8,9.06,86.8,9.24,4.52,hard
1086,5 7 7 9,13.47,73.7,11.43,5.28,very_hard
301,1 4 4 7,6.65,96.2,7.37,3.21,very_easy
46,10 10 12 12,5.33,98.6,5.79,1.93,very_easy
806,6 6 6 12,9.32,89.3,9.51,4.58,medium
132,4 6 6 7,5.86,96.5,6.24,2.1,very_easy
1028,6 7 9 9,12.06,80.6,11.24,6.14,hard
521,6 7 11 13,7.59,90.1,8.0,3.53,medium
890,4 9 11 12,10.24,88.7,10.39,4.31,medium
1145,6 10 10 13,15.4,68.9,11.44,6.42,very_hard
1308,2 5 6 9,54.23,44.5,28.3,14.14,very_hard
740,1 3 4 7,8.9,95.1,9.73,3.97,easy
688,2 5 10 11,8.54,94.2,9.1,3.67,easy
28,1 1 3 9,5.18,97.0,5.52,1.84,very_easy
990,1 5 6 7,11.45,89.2,11.71,4.75,medium
1168,7 7 7 12,16.4,64.6,9.4,6.24,very_hard
843,4 7 7 11,9.66,87.5,9.83,4.74,hard
1141,3 4 10 10,15.21,75.4,13.28,6.3,very_hard
429,1 10 12 13,7.2,94.4,7.57,2.84,easy
1009,8 9 9 12,11.73,82.6,11.11,4.8,hard
1194,2 2 9 12,17.95,72.9,15.43,6.7,very_hard
475,7 10 10 11,7.38,93.7,7.72,2.98,easy
875,1 2 5 10,10.07,91.8,10.32,4.11,medium
649,2 4 8 8,8.26,93.8,8.92,4.14,easy
151,1 12 13 13,5.95,94.5,6.28,2.18,easy
856,1 7 12 12,9.85,80.5,9.13,4.51,hard
493,4 4 5 8,7.44,96.0,7.82,2.62,very_easy
618,2 3 5 11,8.07,94.9,8.57,3.31,easy
499,2 7 8 13,7.47,94.2,7.98,3.15,easy
810,2 3 4 11,9.35,88.0,9.49,4.23,hard
264,1 6 9 9,6.49,97.5,6.94,2.51,very_easy
21,1 1 2 11,5.07,99.0,5.41,1.69,very_easy
1190,6 10 11 12,17.62,69.2,13.62,6.63,very_hard
961,2 5 7 7,11.03,82.3,10.49,4.71,hard
968,2 3 4 7,11.19,86.7,11.07,4.96,hard
352,4 5 11 11,6.88,87.4,7.37,3.74,hard
592,1 4 6 11,7.95,92.6,8.29,3.24,medium
70,1 4 10 10,5.49,97.9,5.89,2.06,very_easy
172,5 5 5 5,6.03,95.2,6.49,2.24,easy
1338,7 8 8 13,88.81,29.7,27.68,15.93,very_hard
198,5 5 12 13,6.16,95.6,6.64,2.15,easy
1015,3 3 5 13,11.86,85.2,11.62,4.85,hard
819,3 7 7 10,9.43,89.4,9.75,4.32,medium
431,4 8 11 12,7.2,93.0,7.8,3.22,easy
1111,1 3 6 10,14.23,82.0,12.64,7.0,hard
947,2 3 6 6,10.82,92.1,11.25,4.42,medium
977,3 5 7 10,11.37,84.6,11.02,5.28,hard
1044,2 5 5 7,12.34,82.0,11.78,5.0,hard
1255,2 4 5 5,26.07,59.7,15.8,8.59,very_hard
883,1 8 10 11,10.17,87.3,10.18,3.52,hard
432,5 5 10 13,7.2,89.9,7.62,3.44,medium
1090,3 5 7 8,13.52,85.6,13.21,6.11,hard
795,3 9 10 12,9.19,90.3,9.4,3.75,medium
956,1 3 8 13,10.99,90.5,11.33,5.1,medium
1160,1 4 4 6,16.04,79.6,14.05,6.95,hard
657,1 4 9 11,8.29,94.4,8.93,3.73,easy
495,3 6 8 8,7.45,92.7,7.77,2.97,easy
770,4 4 8 10,9.06,91.2,9.4,4.48,medium
1017,4 5 6 13,11.9,78.2,10.47,5.17,very_hard
917,1 3 5 9,10.51,90.6,10.73,4.59,medium
555,2 2 4 10,7.76,94.4,8.11,2.94,easy
455,3 9 10 11,7.29,93.0,7.67,2.95,easy
532,1 4 4 4,7.63,95.9,8.11,2.99,easy
88,2 3 3 8,5.6,97.0,5.99,1.96,very_easy
1271,1 7 12 13,29.09,55.7,15.71,9.57,very_hard
1051,6 9 9 12,12.53,86.8,12.41,5.83,hard
913,2 4 6 12,10.45,94.4,11.22,4.85,easy
941,4 5 10 12,10.73,86.8,10.6,4.48,hard
648,4 5 9 10,8.25,90.5,8.59,3.69,medium
141,2 4 4 12,5.92,98.5,6.3,2.16,very_easy
549,3 4 9 12,7.72,94.4,8.19,3.19,easy
614,7 8 11 13,8.04,90.6,8.6,3.88,medium
626,3 7 10 11,8.11,90.7,8.37,3.42,medium
108,7 8 12 12,5.72,96.0,6.15,2.16,very_easy
1046,4 8 9 13,12.38,82.0,11.39,6.27,hard
1299,1 2 9 11,48.23,44.8,23.86,13.27,very_hard
1047,2 4 4 10,12.43,90.0,12.72,5.31,medium
840,2 6 8 8,9.63,92.9,10.03,4.12,easy
1081,1 5 8 13,13.33,80.0,11.93,6.12,hard
1100,1 4 5 8,13.8,82.2,12.93,5.93,hard
1091,4 4 6 8,13.52,83.2,12.74,6.94,hard
14,1 1 3 12,5.02,97.5,5.37,1.83,very_easy
500,3 3 4 5,7.47,93.9,7.91,3.24,easy
845,5 11 12 12,9.69,82.7,9.26,4.36,hard
466,3 7 11 12,7.34,90.7,7.82,3.51,medium
47,1 5 7 12,5.35,98.4,5.89,2.09,very_easy
242,1 2 12 12,6.38,96.2,6.72,2.21,very_easy
546,4 4 7 9,7.71,93.5,8.14,3.48,easy
540,3 4 4 7,7.68,90.4,8.11,3.53,medium
156,9 10 12 12,5.96,95.9,6.28,2.05,easy
954,1 2 2 9,10.95,82.5,10.18,4.58,hard
571,3 3 4 12,7.83,95.1,8.45,3.22,easy
802,1 3 5 7,9.3,89.6,9.52,4.11,medium
422,2 2 10 13,7.17,90.0,7.38,3.1,medium
1272,2 6 9 9,29.56,57.5,15.62,9.24,very_hard
767,3 5 9 12,9.05,90.0,9.35,4.07,medium
798,2 3 6 10,9.26,92.3,9.53,3.85,medium
1196,5 7 7 10,18.07,67.9,13.81,6.95,very_hard
1332,2 2 6 13,74.57,33.5,31.45,17.06,very_hard
218,1 4 7 8,6.25,96.6,6.78,2.73,very_easy
1101,1 5 6 11,13.81,80.5,12.42,6.7,hard
135,1 5 8 8,5.88,95.0,6.43,2.66,easy
1025,1 3 7 7,12.01,85.3,11.74,4.81,hard
358,1 1 4 9,6.91,93.6,7.13,2.35,easy
1053,2 4 4 5,12.58,81.6,11.64,5.35,hard
18,1 1 4 12,5.04,97.4,5.47,1.82,very_easy
1173,2 3 6 7,16.7,80.9,15.38,6.83,hard
327,1 3 3 3,6.76,95.7,7.15,2.54,easy
442,5 5 13 13,7.24,85.5,7.43,3.23,hard
630,5 8 8 13,8.14,92.5,8.49,3.7,medium
1362,2 3 5 12,211.03,20.4,30.98,23.05,very_hard
916,5 6 8 12,10.47,87.6,10.45,4.13,hard
926,4 6 6 9,10.55,88.0,10.9,5.47,hard
415,1 3 10 12,7.13,96.5,7.59,2.73,very_easy
277,1 3 3 7,6.56,96.0,7.38,3.34,very_easy
884,3 3 3 5,10.17,85.6,9.83,4.23,hard
120,2 2 3 12,5.78,98.2,6.2,2.05,very_easy
314,3 7 11 11,6.71,87.8,6.94,3.15,hard
268,4 5 9 9,6.5,88.2,6.75,2.79,medium
379,5 5 10 10,6.99,86.8,7.33,3.22,hard
26,1 1 5 6,5.17,97.0,5.63,2.04,very_easy
401,1 6 8 8,7.08,93.2,7.41,2.98,easy
939,1 2 7 11,10.71,88.2,10.87,4.8,medium
1104,6 9 11 13,13.86,72.0,10.79,6.37,very_hard
1259,2 2 6 11,26.33,62.1,19.06,9.03,very_hard
639,1 3 6 13,8.22,92.1,8.48,3.18,medium
1151,3 6 11 13,15.59,72.6,11.84,7.0,very_hard
366,1 6 6 10,6.94,93.6,7.3,3.13,easy
588,2 4 6 10,7.93,94.0,8.4,3.39,easy
1232,4 4 8 9,21.5,69.7,17.31,8.54,very_hard
397,2 3 5 5,7.06,96.2,7.56,2.89,very_easy
347,3 4 5 7,6.87,96.7,7.38,2.7,very_easy
904,2 2 2 5,10.37,78.7,9.32,4.87,very_hard
1065,3 3 6 8,12.93,74.4,10.76,5.87,very_hard
113,6 6 12 12,5.75,98.4,6.29,2.31,very_easy
934,1 7 9 11,10.65,85.6,10.48,4.3,hard
81,1 1 4 7,5.57,97.2,5.92,2.06,very_easy
1136,2 6 9 12,15.1,82.9,14.11,6.7,hard
224,2 3 11 12,6.27,95.0,6.84,2.83,easy
827,3 9 11 12,9.53,90.3,10.02,4.52,medium
103,2 2 2 3,5.7,99.0,5.97,1.7,very_easy
596,1 2 6 9,7.96,94.5,8.55,3.6,easy
925,3 3 7 12,10.55,84.4,10.38,5.39,hard
208,3 3 11 13,6.2,97.1,6.73,2.55,very_easy
89,4 6 6 6,5.6,98.5,5.98,2.03,very_easy
1181,2 4 4 9,17.21,73.1,13.77,7.61,very_hard
597,2 5 5 11,7.96,83.2,7.84,3.54,hard
553,1 2 4 11,7.76,92.0,8.01,2.8,medium
625,3 4 5 5,8.1,94.0,8.78,3.78,easy
839,2 5 6 10,9.62,88.3,9.79,4.62,medium
305,1 2 3 6,6.68,97.1,7.12,2.42,very_easy
166,2 8 10 10,6.01,95.5,6.35,2.1,easy
517,2 4 8 10,7.58,97.8,8.07,2.66,very_easy
786,1 5 9 11,9.17,93.3,9.65,3.92,easy
1313,5 7 9 12,59.78,39.7,18.61,11.95,very_hard
472,1 6 6 9,7.38,90.7,7.87,3.37,medium
144,2 4 11 11,5.93,96.3,6.35,2.33,very_easy
693,3 4 5 10,8.58,90.3,8.93,4.14,medium
1221,6 8 8 9,20.55,62.8,12.15,7.35,very_hard
708,6 8 10 13,8.64,86.6,8.73,3.87,hard
1012,3 7 9 11,11.8,88.4,11.94,4.9,medium
211,2 13 13 13,6.22,91.0,6.43,2.4,medium
684,1 2 6 13,8.5,91.1,9.06,3.98,medium
905,4 4 6 13,10.37,82.6,9.78,5.22,hard
1147,2 2 5 10,15.49,78.2,13.92,6.04,very_hard
1033,3 5 6 10,12.15,85.8,11.86,5.63,hard
163,1 5 7 11,6.0,98.6,6.5,2.17,very_easy
603,2 7 7 11,7.98,86.3,7.99,3.73,hard
815,8 8 9 13,9.39,81.2,8.98,4.9,hard
143,1 4 6 12,5.93,96.8,6.4,2.54,very_easy
712,1 4 9 10,8.67,93.6,9.07,3.72,easy
966,3 3 4 11,11.16,88.5,11.23,5.55,medium
1270,1 4 9 13,29.07,61.0,19.69,10.53,very_hard
66,2 5 5 12,5.47,98.8,5.87,1.95,very_easy
624,2 5 6 13,8.1,91.5,8.5,3.6,medium
585,5 6 10 10,7.91,86.7,8.16,3.89,hard
822,8 8 8 13,9.47,84.2,9.4,4.41,hard
147,4 6 8 8,5.93,96.9,6.38,2.27,very_easy
741,2 4 9 9,8.9,90.2,9.04,3.95,medium
1200,2 8 10 12,18.46,80.3,17.03,7.82,hard
762,4 5 9 13,9.01,89.3,9.68,4.98,medium
127,6 6 11 13,5.81,97.9,6.31,2.2,very_easy
691,2 4 7 10,8.57,91.2,8.82,3.86,medium
433,2 5 9 12,7.21,95.7,7.66,2.91,easy
159,1 3 3 12,5.98,95.5,6.38,2.34,easy
739,2 9 10 13,8.89,90.2,9.38,4.18,medium
797,6 6 8 13,9.25,83.3,8.98,4.45,hard
804,3 7 8 9,9.31,87.3,9.33,3.93,hard
1022,3 5 10 13,11.98,82.4,11.2,5.45,hard
53,3 8 11 11,5.39,96.3,5.74,2.05,very_easy
386,1 3 5 13,7.02,94.4,7.44,2.72,easy
1172,3 3 8 13,16.64,69.1,11.85,6.47,very_hard
910,3 3 6 13,10.43,86.4,10.6,5.43,hard
486,4 7 11 11,7.42,86.2,7.61,3.56,hard
317,2 2 8 12,6.72,98.2,7.15,2.33,very_easy
124,12 12 12 13,5.8,97.5,6.13,2.0,very_easy
5,6 6 6 6,4.57,99.5,4.8,1.47,very_easy
655,2 2 4 11,8.28,91.8,8.72,3.71,medium
533,6 6 6 9,7.64,89.9,8.16,3.98,medium
60,3 8 9 9,5.43,96.9,5.78,1.95,very_easy
150,1 11 11 12,5.95,93.6,6.19,2.22,easy
1239,2 3 3 5,22.25,69.4,16.58,8.96,very_hard
615,1 2 5 9,8.05,95.2,8.5,3.07,easy
1110,2 2 2 9,14.11,75.7,11.47,6.59,very_hard
551,2 6 6 11,7.74,83.0,7.51,3.25,hard
844,1 1 4 10,9.67,84.7,9.42,5.09,hard
1026,2 5 8 10,12.03,82.7,11.2,4.93,hard
805,4 5 10 13,9.31,91.4,9.83,4.45,medium
276,4 6 7 8,6.55,95.7,7.01,2.51,easy
367,3 3 3 10,6.94,94.4,7.49,3.17,easy
1063,3 4 9 9,12.86,84.6,12.52,5.25,hard
290,3 10 10 12,6.6,94.5,6.97,2.36,easy
200,3 3 3 12,6.17,97.0,6.66,2.46,very_easy
160,10 10 11 13,5.99,97.4,6.54,2.35,very_easy
1205,3 5 12 13,18.76,68.4,14.77,6.66,very_hard
537,8 8 8 12,7.66,88.3,8.04,4.03,medium
828,5 9 9 11,9.56,89.5,9.82,3.88,medium
756,1 4 5 10,8.99,91.4,9.17,3.68,medium
57,3 3 12 12,5.4,98.8,5.88,2.04,very_easy
1045,2 5 7 13,12.35,84.0,12.07,5.81,hard
911,1 2 4 7,10.44,89.1,10.74,5.06,medium
694,4 4 8 11,8.58,86.8,8.58,3.86,hard
829,4 5 7 12,9.57,87.9,9.53,4.02,hard
393,3 3 4 4,7.04,94.5,7.4,2.63,easy
1306,8 9 10 12,51.75,43.1,23.1,14.36,very_hard
190,3 9 9 9,6.12,97.6,6.56,2.19,very_easy
697,2 3 10 13,8.61,93.5,9.11,3.95,easy
922,4 7 9 13,10.54,84.4,10.63,5.91,hard
731,4 5 6 7,8.81,89.8,9.2,3.97,medium
505,2 5 6 8,7.54,95.5,8.02,3.05,easy
1148,3 6 8 12,15.49,80.3,14.11,6.22,hard
1050,2 5 11 12,12.53,77.3,10.88,5.66,very_hard
321,2 2 5 5,6.74,93.4,7.11,2.49,easy
22,1 1 13 13,5.13,99.4,5.46,1.65,very_easy
785,2 2 3 6,9.15,91.6,9.46,4.16,medium
39,1 1 1 11,5.28,97.5,5.6,1.68,very_easy
808,4 4 5 10,9.34,85.9,9.36,4.8,hard
957,1 9 10 13,10.99,83.7,10.54,4.58,hard
173,1 10 10 12,6.04,92.6,6.27,2.13,medium
812,7 12 12 13,9.36,82.8,9.14,4.23,hard
1215,1 3 3 8,19.79,73.9,16.15,7.92,very_hard
523,2 3 4 12,7.6,94.4,8.11,3.28,easy
983,3 3 6 12,11.41,87.3,11.66,6.05,hard
791,4 7 10 10,9.18,83.8,8.91,4.19,hard
896,2 5 8 11,10.32,85.9,10.46,5.18,hard
389,8 8 10 13,7.02,90.6,7.47,3.13,medium
337,5 6 7 7,6.83,87.3,6.95,2.79,hard
1212,2 2 9 10,19.5,65.5,14.59,7.49,very_hard
1123,2 4 9 10,14.54,79.3,13.32,6.08,hard
42,2 2 3 8,5.3,98.2,5.68,1.89,very_easy
260,1 6 6 13,6.47,97.4,6.87,2.47,very_easy
59,3 8 10 10,5.42,95.6,5.86,2.21,easy
751,4 4 6 11,8.96,86.4,8.93,4.58,hard
1230,6 8 10 11,21.4,63.9,14.39,7.77,very_hard
1152,2 5 9 11,15.64,76.5,13.67,7.23,very_hard
1106,4 10 10 12,13.92,77.7,12.38,6.4,very_hard
565,7 10 12 12,7.79,84.7,7.89,3.93,hard
1343,5 5 7 11,93.75,26.6,27.77,14.9,very_hard
799,2 5 8 9,9.26,92.8,9.61,3.82,easy
212,5 5 5 6,6.22,96.4,6.68,2.32,very_easy
696,6 6 8 9,8.59,90.3,8.94,3.61,medium
753,2 5 7 10,8.97,92.1,9.33,3.77,medium
877,6 7 9 12,10.08,86.4,10.02,4.88,hard
1019,6 8 9 12,11.95,86.5,11.88,5.13,hard
237,1 2 2 8,6.36,93.5,6.8,2.7,easy
668,6 8 8 10,8.36,91.0,8.82,4.03,medium
1277,4 4 7 13,31.61,53.7,15.57,9.62,very_hard
789,3 5 6 7,9.17,89.6,9.23,3.88,medium
1149,3 3 9 10,15.55,77.7,13.99,6.4,very_hard
1075,6 9 10 12,13.13,80.2,11.88,6.2,hard
524,3 3 5 5,7.6,89.5,7.89,3.26,medium
1294,3 6 6 10,40.63,50.1,19.3,11.17,very_hard
945,2 3 9 10,10.79,89.9,11.02,4.35,medium
613,4 4 4 5,8.03,85.0,8.05,3.96,hard
20,3 3 3 8,5.06,98.2,5.45,1.81,very_easy
165,1 6 7 10,6.01,98.5,6.57,2.26,very_easy
324,4 4 5 5,6.75,93.3,7.24,2.64,easy
118,4 8 11 11,5.76,95.3,6.08,2.0,easy
1089,3 5 6 13,13.52,76.2,11.76,5.83,very_hard
995,2 4 6 11,11.52,85.2,11.29,5.58,hard
1354,3 6 6 11,116.34,27.2,26.76,16.97,very_hard
308,1 7 7 11,6.69,97.1,7.27,2.64,very_easy
142,4 5 12 13,5.92,97.7,6.43,2.15,very_easy
1329,5 6 8 13,70.86,36.0,23.62,12.39,very_hard
1116,2 3 8 9,14.37,80.8,13.22,6.46,hard
629,4 5 8 9,8.13,89.3,8.55,4.17,medium
282,1 6 7 11,6.58,97.4,7.17,2.88,very_easy
271,6 10 10 10,6.51,95.9,6.78,2.28,easy
832,2 3 8 11,9.59,92.7,10.18,4.05,easy
384,2 8 12 12,7.01,95.3,7.36,2.61,easy
1174,1 3 8 10,16.72,71.0,12.77,6.8,very_hard
40,1 8 8 8,5.29,97.9,5.63,1.9,very_easy
986,6 8 8 12,11.42,88.2,11.63,5.07,medium
1226,5 9 12 13,21.2,64.5,16.15,7.38,very_hard
1357,3 5 7 13,126.36,23.6,41.19,22.83,very_hard
253,1 3 8 9,6.44,92.3,7.03,3.36,medium
450,2 9 10 12,7.27,94.1,7.63,2.88,easy
52,9 9 12 12,5.37,98.4,5.87,2.12,very_easy
719,1 2 5 13,8.7,94.4,9.2,3.62,easy
216,2 2 4 5,6.24,98.3,6.61,2.08,very_easy
1186,6 8 9 10,17.33,71.1,13.38,7.48,very_hard
250,1 2 8 8,6.43,96.2,7.0,2.72,very_easy
19,1 1 2 6,5.05,98.6,5.39,1.61,very_easy
209,8 8 11 12,6.2,91.0,6.59,2.7,medium
55,1 1 4 5,5.4,97.9,5.78,1.99,very_easy
309,7 8 11 12,6.69,96.2,7.16,2.68,very_easy
427,3 5 5 6,7.19,89.3,7.49,3.3,medium
245,4 7 12 12,6.39,88.5,6.74,3.02,medium
748,2 6 7 8,8.95,89.6,9.24,4.04,medium
1085,5 6 10 12,13.45,75.8,11.49,5.8,very_hard
814,2 10 11 11,9.39,86.2,9.37,4.06,hard
1129,6 7 10 10,14.95,70.2,11.22,6.21,very_hard
733,6 8 9 13,8.82,94.1,9.47,3.95,easy
1042,5 8 10 12,12.28,84.2,11.56,5.32,hard
1279,2 2 7 10,32.87,53.2,17.3,9.56,very_hard
222,11 12 13 13,6.26,95.3,6.75,2.49,easy
1164,2 5 5 9,16.17,78.5,14.73,6.1,very_hard
687,5 5 8 8,8.53,84.8,8.58,4.01,hard
1340,5 7 7 11,90.56,27.5,26.17,13.4,very_hard
428,1 7 7 9,7.2,96.1,7.58,2.88,very_easy
30,7 7 12 12,5.19,98.6,5.58,1.83,very_easy
219,7 7 12 13,6.25,93.9,6.69,2.38,easy
1300,1 7 13 13,48.42,41.2,15.01,9.29,very_hard
602,3 4 7 9,7.97,93.4,8.41,3.67,easy
1323,5 8 9 13,64.93,36.3,34.89,16.78,very_hard
456,1 2 4 10,7.32,96.2,7.78,3.18,very_easy
41,12 12 12 12,5.29,99.3,5.73,2.07,very_easy
1010,1 3 4 8,11.74,89.6,11.94,4.82,medium
695,1 2 3 3,8.59,95.7,8.96,2.98,easy
1158,4 7 8 12,15.88,79.1,14.47,7.01,very_hard
1337,4 8 8 13,88.2,29.6,25.48,15.07,very_hard
794,2 3 9 9,9.19,90.9,9.6,4.02,medium
698,2 10 11 13,8.61,89.7,8.68,3.45,medium
1177,1 5 5 10,16.9,70.7,12.4,7.41,very_hard
1126,3 5 12 12,14.61,67.9,9.99,5.98,very_hard
1233,2 3 9 12,21.65,66.4,13.79,8.09,very_hard
699,4 4 4 9,8.61,88.1,8.62,4.06,hard
223,1 1 5 7,6.27,96.6,6.61,2.12,very_easy
1037,3 7 9 12,12.18,85.5,11.98,5.7,hard
803,2 2 3 11,9.31,86.2,9.29,4.21,hard
1247,2 3 6 8,23.67,75.3,20.58,8.92,very_hard
912,4 5 7 9,10.44,87.0,10.69,5.18,hard
976,2 3 10 12,11.33,86.8,11.45,4.2,hard
206,1 5 7 13,6.2,97.9,6.6,2.12,very_easy
1243,10 10 10 12,23.18,59.7,11.16,7.62,very_hard
205,1 5 5 12,6.2,90.1,6.41,2.38,medium
1131,2 5 9 10,14.96,78.0,13.46,6.37,very_hard
125,3 4 4 6,5.81,97.5,6.15,1.95,very_easy
569,4 8 10 11,7.81,90.8,8.12,3.49,medium
1203,2 6 9 10,18.75,69.6,14.97,6.81,very_hard
61,5 5 12 12,5.43,98.8,5.8,1.73,very_easy
202,1 2 4 8,6.18,96.6,6.59,2.38,very_easy
514,5 7 13 13,7.57,94.1,7.99,3.24,easy
356,7 9 13 13,6.9,96.6,7.46,2.76,very_easy
1285,6 7 11 11,35.84,47.1,20.55,10.47,very_hard
11,1 1 2 8,4.96,97.8,5.31,1.73,very_easy
969,8 8 10 12,11.21,78.8,10.1,5.82,very_hard
642,2 7 8 11,8.23,94.9,8.76,3.57,easy
104,1 2 5 12,5.71,95.5,6.15,2.2,easy
943,6 11 12 13,10.77,80.1,9.89,5.14,hard
1188,2 6 6 9,17.49,72.4,13.73,6.89,very_hard
918,1 5 9 13,10.51,84.8,10.36,4.87,hard
1283,2 5 8 12,34.7,54.6,18.62,10.36,very_hard
665,2 7 11 12,8.34,91.4,8.69,3.48,medium
378,4 7 8 8,6.99,94.3,7.41,2.6,easy
1165,4 4 5 13,16.23,72.3,12.58,7.4,very_hard
149,1 4 5 12,5.95,95.8,6.39,2.37,easy
201,1 1 9 13,6.18,97.3,6.63,2.52,very_easy
711,1 3 4 10,8.67,93.1,8.98,3.44,easy
701,3 3 7 11,8.62,92.2,8.93,3.65,medium
1350,3 3 5 7,108.12,29.4,31.08,20.1,very_hard
1280,1 4 6 10,33.87,55.6,20.1,10.18,very_hard
443,6 6 12 13,7.24,90.4,7.7,3.16,medium
996,2 4 9 12,11.52,87.3,11.49,4.9,hard
792,1 3 5 10,9.19,93.2,9.67,3.84,easy
1225,1 3 8 11,21.0,73.4,17.35,8.41,very_hard
195,1 2 6 8,6.15,96.2,6.49,2.36,very_easy
512,1 7 9 9,7.57,94.8,8.03,3.17,easy
1035,4 6 8 13,12.16,80.4,11.2,5.26,hard
1274,6 6 9 13,31.07,53.7,14.12,9.06,very_hard
749,2 9 11 11,8.95,89.4,9.29,4.07,medium
675,1 2 8 9,8.39,93.4,8.97,3.48,easy
302,1 6 8 10,6.65,97.3,7.09,2.43,very_easy
631,3 9 12 13,8.15,89.6,8.62,4.0,medium
191,1 6 8 9,6.13,98.3,6.57,2.35,very_easy
1029,1 4 8 9,12.07,89.0,12.16,5.21,medium
1082,3 3 5 10,13.34,83.1,12.37,5.42,hard
329,3 3 5 6,6.76,96.5,7.38,2.69,very_easy
923,5 6 8 10,10.54,87.0,10.64,4.62,hard
204,3 8 11 12,6.18,94.2,6.69,2.72,easy
252,2 12 12 13,6.43,95.7,6.84,2.43,easy
1234,2 3 5 8,21.76,73.5,18.48,8.02,very_hard
506,3 5 10 12,7.54,94.8,8.11,3.19,easy
157,1 2 11 11,5.97,97.4,6.47,2.42,very_easy
345,5 7 11 11,6.86,96.3,7.27,2.65,very_easy
841,3 3 3 9,9.64,84.3,9.58,4.9,hard
64,1 9 9 12,5.47,95.8,5.77,1.8,easy
1290,7 9 11 12,37.72,50.1,18.7,11.0,very_hard
1278,2 5 12 13,31.66,58.2,22.46,10.08,very_hard
477,3 6 11 12,7.39,93.3,7.82,3.18,easy
879,1 7 9 10,10.1,87.0,10.0,3.98,hard
406,6 7 10 13,7.08,96.6,7.62,2.8,very_easy
703,2 9 12 13,8.63,90.8,9.02,3.91,medium
2,1 1 3 8,4.4,99.2,4.67,1.47,very_easy
138,1 3 6 12,5.92,96.8,6.33,2.22,very_easy
831,3 3 6 11,9.58,90.3,9.94,4.55,medium
1297,5 10 10 11,44.72,41.6,15.54,7.64,very_hard
1031,5 5 8 12,12.09,79.4,11.08,5.11,hard
1223,2 2 4 12,20.66,75.6,16.28,9.65,very_hard
609,10 12 13 13,8.01,94.5,8.52,3.0,easy
754,9 10 11 13,8.97,89.8,9.27,3.92,medium
1266,3 9 11 13,28.07,56.9,14.56,8.8,very_hard
312,3 6 6 7,6.7,93.8,7.18,2.71,easy
716,2 8 11 12,8.68,88.5,8.91,4.23,medium
857,2 3 6 11,9.85,90.1,10.1,4.47,medium
1066,4 8 12 12,12.93,85.7,12.33,5.97,hard
672,1 4 5 11,8.38,90.7,8.66,4.02,medium
682,2 8 9 13,8.46,90.0,8.64,3.71,medium
1327,7 10 12 13,67.67,37.5,22.99,13.25,very_hard
1253,6 6 7 11,25.85,58.2,13.93,8.67,very_hard
669,1 1 7 10,8.37,85.0,8.4,4.33,hard
707,3 11 12 12,8.64,91.1,9.01,3.45,medium
946,2 5 10 10,10.79,78.8,9.94,4.23,very_hard
467,6 6 6 11,7.35,88.8,7.65,3.55,medium
781,6 6 8 10,9.13,90.5,9.38,4.21,medium
541,4 8 12 13,7.68,92.0,8.33,3.75,medium
1195,10 12 12 12,17.98,64.1,10.76,6.08,very_hard
288,2 3 11 13,6.59,91.8,7.06,2.91,medium
1132,5 5 9 11,14.98,71.4,12.54,5.39,very_hard
403,2 6 7 12,7.08,92.3,7.33,3.01,medium
1006,2 3 5 7,11.71,89.2,11.8,4.93,medium
1256,8 9 11 11,26.13,58.4,16.68,8.89,very_hard
742,4 8 9 11,8.91,92.8,9.39,3.94,easy
115,1 6 6 11,5.76,98.3,6.23,2.24,very_easy
1034,1 2 7 12,12.16,77.1,10.24,5.9,very_hard
487,5 6 8 8,7.42,92.4,7.86,3.05,medium
973,2 4 5 6,11.29,91.0,11.73,4.5,medium
891,6 7 8 9,10.26,84.5,9.99,4.59,hard
937,6 9 9 11,10.69,82.4,10.01,5.19,hard
1092,5 7 11 13,13.53,70.8,10.39,5.51,very_hard
355,3 3 3 3,6.9,96.0,7.57,3.41,very_easy
492,3 5 6 8,7.44,93.8,7.98,3.23,easy
620,6 6 7 10,8.07,84.0,8.09,4.22,hard
901,4 6 7 10,10.33,86.9,10.47,4.9,hard
502,2 2 4 7,7.49,95.1,8.15,3.16,easy
436,3 7 7 9,7.23,86.8,7.31,3.0,hard
1246,5 9 11 13,23.49,61.4,16.86,7.77,very_hard
1068,4 4 6 9,12.95,76.8,11.02,5.86,very_hard
704,3 3 8 12,8.63,91.6,9.13,3.93,medium
640,1 8 11 13,8.23,88.3,8.42,3.6,medium
1043,7 8 9 10,12.33,79.7,11.27,5.5,hard
909,1 2 8 13,10.43,91.6,10.65,4.76,medium
783,3 4 4 5,9.14,91.2,9.52,4.19,medium
119,3 8 8 8,5.77,97.6,6.13,2.15,very_easy
726,6 8 8 11,8.75,87.1,8.85,3.94,hard
522,1 5 5 6,7.6,95.1,8.15,3.14,easy
921,3 6 9 12,10.53,92.8,10.98,4.25,easy
1150,3 6 6 13,15.58,72.6,12.51,6.77,very_hard
1128,4 6 9 12,14.9,77.2,12.84,7.0,very_hard
998,2 3 3 10,11.59,85.0,11.61,5.03,hard
520,3 9 13 13,7.59,86.2,7.73,3.38,hard
335,2 2 2 4,6.8,96.1,7.16,2.49,very_easy
177,1 2 6 12,6.05,96.9,6.43,2.26,very_easy
1115,4 5 8 10,14.35,75.5,11.88,6.11,very_hard
45,2 11 11 12,5.33,97.3,5.73,2.01,very_easy
1014,7 8 10 10,11.81,79.2,11.02,5.21,very_hard
462,3 4 5 12,7.33,97.1,7.72,2.71,very_easy
460,5 9 10 10,7.32,92.9,7.74,3.14,easy
238,4 4 10 13,6.36,93.6,6.83,2.82,easy
554,2 2 2 10,7.76,93.9,8.19,3.37,easy
491,3 3 9 9,7.44,95.9,7.78,2.79,easy
587,1 5 6 10,7.93,91.7,8.25,3.26,medium
1252,2 5 10 12,25.64,64.7,18.57,9.0,very_hard
1169,5 6 9 13,16.53,68.9,12.64,6.15,very_hard
715,2 4 6 9,8.68,92.1,9.17,4.15,medium
1242,4 5 7 10,23.06,63.5,15.29,8.41,very_hard
263,2 8 11 11,6.48,88.9,6.66,2.84,medium
75,1 1 1 13,5.54,97.4,5.88,1.77,very_easy
17,4 6 11 11,5.03,98.9,5.42,1.74,very_easy
1139,5 9 9 12,15.17,75.9,13.5,6.89,very_hard
817,3 4 6 12,9.4,93.5,9.92,3.99,easy
461,1 1 6 8,7.33,95.0,7.69,2.54,easy
303,4 4 4 4,6.65,97.9,7.21,2.97,very_easy
407,2 9 9 11,7.09,87.5,7.11,2.8,hard
395,1 3 10 11,7.05,96.3,7.7,3.16,very_easy
605,3 6 10 10,8.0,85.5,8.0,3.76,hard
1156,2 5 8 8,15.8,71.5,12.2,6.89,very_hard
914,7 9 9 13,10.45,87.8,10.5,4.67,hard
361,1 2 11 13,6.92,93.5,7.54,3.16,easy
878,6 10 12 12,10.09,88.8,10.37,4.59,medium
256,1 5 7 8,6.45,94.9,6.84,2.48,easy
997,4 4 9 12,11.55,78.1,10.48,4.94,very_hard
650,3 7 8 12,8.26,95.1,8.77,3.27,easy
780,4 12 12 12,9.13,86.5,9.47,4.86,hard
162,1 3 6 8,6.0,95.8,6.44,2.55,easy
1117,2 4 7 9,14.38,80.4,13.45,6.38,hard
343,1 6 8 11,6.85,97.8,7.3,2.44,very_easy
225,2 2 2 8,6.28,96.4,6.85,2.71,very_easy
927,2 4 6 7,10.56,89.8,10.65,4.36,medium
509,2 6 9 11,7.56,95.8,8.08,3.17,easy
838,5 8 9 12,9.61,92.2,10.03,4.04,medium
1217,2 3 10 10,19.99,68.7,14.87,7.66,very_hard
496,1 2 7 10,7.46,90.8,8.07,4.12,medium
1048,3 3 3 11,12.44,78.6,11.14,5.62,very_hard
1059,4 9 10 11,12.76,76.7,10.97,5.86,very_hard
1189,6 6 9 10,17.53,70.3,13.87,7.18,very_hard
353,2 4 4 8,6.89,96.5,7.29,2.66,very_easy
38,4 4 4 6,5.27,98.2,5.66,1.95,very_easy
501,5 5 9 9,7.48,85.3,7.74,3.53,hard
203,2 8 13 13,6.18,90.2,6.5,2.62,medium
1341,4 8 8 11,92.5,29.7,24.64,15.06,very_hard
110,1 2 2 12,5.74,97.8,6.12,2.0,very_easy
949,1 4 4 11,10.87,86.6,10.84,5.35,hard
488,1 8 11 12,7.43,91.6,7.95,3.45,medium
508,4 7 9 9,7.55,86.6,7.69,3.25,hard
582,3 6 6 9,7.89,96.3,8.4,3.07,very_easy
16,1 1 4 8,5.03,98.2,5.4,1.83,very_easy
307,1 2 5 5,6.69,95.1,7.24,2.94,easy
612,3 7 12 12,8.03,91.3,8.43,3.53,medium
483,1 5 9 9,7.42,94.4,7.89,3.22,easy
236,6 7 11 12,6.35,97.0,6.89,2.61,very_easy
851,3 3 5 9,9.78,87.2,9.77,4.06,hard
23,1 2 3 4,5.14,99.2,5.5,1.83,very_easy
709,1 6 10 13,8.66,88.3,8.89,4.23,medium
1244,5 7 10 13,23.22,61.5,16.86,7.68,very_hard
824,3 4 7 11,9.52,86.8,9.34,4.64,hard
482,5 6 11 13,7.41,91.4,7.89,3.41,medium
1326,2 4 11 12,66.78,40.0,25.12,14.69,very_hard
793,2 2 5 7,9.19,89.2,9.23,3.72,medium
1038,4 6 6 12,12.19,86.0,12.0,6.07,hard
306,1 3 13 13,6.68,97.2,7.21,2.64,very_easy
1074,3 5 11 12,13.1,79.8,11.71,5.82,hard
833,2 4 4 7,9.59,89.2,9.69,4.32,medium
207,2 11 11 11,6.2,89.6,6.27,2.48,medium
1163,5 7 12 12,16.14,65.9,10.66,6.27,very_hard
713,2 4 7 11,8.67,92.7,9.07,3.86,easy
881,2 4 5 11,10.13,87.3,10.25,4.77,hard
1000,2 4 4 6,11.61,90.0,11.93,4.85,medium
102,1 1 2 10,5.7,95.7,6.01,1.84,easy
24,11 11 12 12,5.14,98.8,5.54,1.88,very_easy
661,4 6 8 12,8.3,94.1,8.95,3.55,easy
1276,4 5 9 12,31.4,60.0,23.36,10.97,very_hard
184,4 7 7 8,6.09,93.9,6.58,2.54,easy
1036,1 3 3 6,12.18,87.2,12.17,5.29,hard
1310,1 3 9 10,57.65,41.2,24.11,13.29,very_hard
479,3 6 6 6,7.4,94.5,7.88,3.26,easy
732,4 5 8 8,8.82,86.9,8.93,4.13,hard
372,9 11 11 11,6.95,95.5,7.3,2.74,easy
444,2 5 12 12,7.25,83.3,7.57,4.22,hard
170,2 8 8 12,6.02,97.4,6.54,2.48,very_easy
902,7 8 9 13,10.33,84.0,10.01,4.35,hard
1211,2 6 7 10,19.37,69.8,13.66,7.61,very_hard
106,4 4 11 13,5.71,98.1,6.31,2.37,very_easy
342,1 5 6 6,6.85,93.8,7.55,3.46,easy
1335,2 7 8 9,76.88,38.7,19.82,12.36,very_hard
685,2 4 4 4,8.51,94.7,8.97,3.29,easy
154,4 8 10 10,5.96,97.3,6.37,2.15,very_easy
1102,6 9 11 12,13.83,75.0,11.43,6.18,very_hard
1180,1 4 10 12,17.18,72.1,13.14,6.88,very_hard
1218,2 2 4 4,20.38,71.5,15.57,8.44,very_hard
885,6 11 11 12,10.17,86.6,10.04,4.07,hard
1214,2 4 7 8,19.66,76.1,17.29,7.51,very_hard
